, ,L,Y,L,V,F,G,A,W,A,G,M,V,G,T,A,L,S,L,L,I,R,A,E,L,S,Q,P,G,A,L,L,G,D,D,Q,I,Y,N,V,I,V,T,A,H,A,F,V,M,I,F,F,M,V,M,P,I,M,I,G,G,F,G,N,W,L,I,P,L,M,I,G,A,P,D,M,A,F,P,R,M,N,N,M,S,F,W,L,L,P,P,S,F,L,L,L,L,A,S,S,G,V,E,A,G,A,G,T,G,W,T,V,Y,P,P,L,A,G,N,L,A,H,A,G,A,S,V,D,L,T,I,F,S,L,H,L,A,G,V,S,S,I,L,G,A,I,N,F,I,T,T,I,I,N,M,K,P,P,A,I,S,Q,Y,Q,T,P,L,F,V,W,A,V,L,I,T,A,V,L,L,L,L,S,L,P,V,L,A,A,G,I,T,M,L,L,T,D,R,N,L,N,T,T,F,F,D,P,A,G,G,G,D,P,I,L,Y,Q,H,L,F
 ,•,←,←,←,←,←,←,←,←,←,←,←,←,←,←,←,←,←,←,←,←,←,←,←,←,←,←,←,←,←,←,←,←,←,←,←,←,←,←,←,←,←,←,←,←,←,←,←,←,←,←,←,←,←,←,←,←,←,←,←,←,←,←,←,←,←,←,←,←,←,←,←,←,←,←,←,←,←,←,←,←,←,←,←,←,←,←,←,←,←,←,←,←,←,←,←,←,←,←,←,←,←,←,←,←,←,←,←,←,←,←,←,←,←,←,←,←,←,←,←,←,←,←,←,←,←,←,←,←,←,←,←,←,←,←,←,←,←,←,←,←,←,←,←,←,←,←,←,←,←,←,←,←,←,←,←,←,←,←,←,←,←,←,←,←,←,←,←,←,←,←,←,←,←,←,←,←,←,←,←,←,←,←,←,←,←,←,←,←,←,←,←,←,←,←,←,←,←,←,←,←,←,←,←,←,←,←,←,←,←,←,←,←,←,←,←,←,←,←
V,↑,↖,←,↖,↖,←,←,←,←,←,←,←,↖,←,←,←,←,←,←,←,←,←,←,←,←,←,←,←,←,←,←,←,←,←,←,←,←,←,←,↖,←,↖,←,←,←,←,←,↖,←,←,←,←,←,↖,←,←,←,←,←,←,←,←,←,←,←,←,←,←,←,←,←,←,←,←,←,←,←,←,←,←,←,←,←,←,←,←,←,←,←,←,←,←,←,←,←,←,←,←,←,←,←,↖,←,←,←,←,←,←,←,←,←,↖,←,←,←,←,←,←,←,←,←,←,←,←,←,←,↖,←,←,←,←,←,←,←,←,←,←,←,↖,←,←,←,←,←,←,←,←,←,←,←,←,←,←,←,←,←,←,←,←,←,←,←,←,←,←,←,←,←,↖,←,←,↖,←,←,←,←,↖,←,←,←,←,←,←,←,↖,←,←,←,←,←,←,←,←,←,←,←,←,←,←,←,←,←,←,←,←,←,←,←,←,←,←,←,←,←,←,←,←,←,←
L,↑,↖,↖,↖,←,↖,←,←,←,←,←,↖,←,←,←,←,↖,←,↖,↖,←,←,←,←,↖,←,←,←,←,←,↖,↖,←,←,←,←,←,←,←,←,←,←,←,←,←,←,←,←,←,←,←,←,←,←,←,←,←,←,←,←,←,←,←,←,←,↖,←,←,↖,←,←,←,←,←,←,←,←,←,←,←,←,←,←,←,←,←,←,↖,↖,←,←,←,←,↖,↖,↖,↖,←,←,←,←,←,←,←,←,←,←,←,←,←,←,←,←,←,←,↖,←,←,←,↖,←,←,←,←,←,←,←,←,↖,←,←,←,←,↖,←,↖,←,←,←,←,←,←,↖,←,←,←,←,←,←,←,←,←,←,←,←,←,←,←,←,←,←,←,←,←,←,←,↖,←,←,←,←,←,↖,←,←,←,←,↖,↖,↖,↖,←,↖,←,←,↖,←,←,←,←,←,←,↖,↖,←,←,←,←,↖,←,←,←,←,←,←,←,←,←,←,←,←,←,←,↖,←,←,←,↖,←
I,↑,↑,↖,↖,↖,←,←,←,←,←,←,←,↖,←,←,←,←,←,↖,↖,↖,←,←,←,←,←,←,←,←,←,←,←,←,←,←,←,↖,←,←,←,↖,←,←,←,←,←,←,←,←,↖,←,←,←,←,←,←,↖,←,↖,←,←,←,←,←,←,←,↖,←,←,←,↖,←,←,←,←,←,←,←,←,←,←,←,←,←,←,←,←,←,←,←,←,←,←,←,←,←,←,←,←,←,←,←,←,←,←,←,←,←,←,←,←,←,←,←,←,←,←,←,←,←,←,←,←,←,←,←,←,←,←,←,↖,←,←,←,←,←,←,←,←,←,←,↖,←,←,←,↖,←,←,↖,←,←,↖,↖,←,←,←,←,←,←,↖,←,←,←,←,←,←,←,←,←,←,←,←,←,↖,←,←,←,←,←,←,←,←,←,←,←,←,←,←,←,↖,←,←,←,←,←,←,←,←,←,←,←,←,←,←,←,←,←,←,←,←,←,←,↖,←,←,←,←,←,←
L,↑,↖,↖,↖,↖,↖,←,←,←,←,←,↖,←,←,←,←,↖,←,↖,↖,←,←,←,←,↖,←,←,←,←,←,↖,↖,←,←,←,←,←,←,←,←,←,←,←,←,←,←,←,←,←,←,←,←,←,←,←,←,←,←,←,←,←,←,←,←,←,↖,←,←,↖,←,←,←,←,←,←,←,←,←,←,←,←,←,←,←,←,←,←,↖,↖,←,←,←,←,↖,↖,↖,↖,←,←,←,←,←,←,←,←,←,←,←,←,←,←,←,←,←,←,↖,←,←,←,↖,←,←,←,←,←,←,←,←,↖,←,←,←,←,↖,←,↖,←,←,←,←,←,←,↖,←,←,←,←,←,←,←,←,←,←,←,←,←,←,←,←,←,←,←,←,←,←,←,↖,←,←,←,←,←,↖,←,←,←,←,↖,↖,↖,↖,←,↖,←,←,↖,←,←,←,←,←,←,↖,↖,←,←,←,←,↖,←,←,←,←,←,←,←,←,←,←,←,←,←,←,↖,←,←,←,↖,←
P,↑,↑,↑,↑,↖,↖,↖,↖,←,↖,←,←,↖,↖,↖,↖,←,↖,←,←,←,←,↖,↖,←,↖,↖,↖,←,←,←,←,←,←,←,←,←,←,←,←,←,←,←,←,←,←,←,←,←,←,←,←,←,←,←,↖,←,←,←,←,←,←,←,←,←,←,←,↖,←,←,←,←,←,↖,←,←,←,←,↖,←,←,←,←,←,←,←,←,←,←,↖,↖,←,←,←,←,←,←,←,←,←,←,←,←,←,←,←,←,←,←,←,←,←,←,↖,↖,←,←,←,←,←,←,←,←,←,←,←,←,←,←,←,←,←,←,←,←,←,←,←,←,←,←,←,←,←,←,←,←,←,←,←,←,←,←,←,←,←,↖,↖,←,←,←,←,←,←,←,↖,←,←,←,←,←,←,←,←,←,←,←,←,←,←,←,←,←,↖,←,←,←,←,←,←,←,←,←,←,←,←,←,←,←,←,←,←,←,←,←,↖,←,←,←,←,←,↖,←,←,←,←,←,←,←
G,↑,↑,↑,↑,↑,↖,↖,↖,←,↖,↖,←,←,↖,←,←,←,←,←,←,←,←,←,←,←,←,←,←,↖,←,←,←,↖,←,←,←,←,←,←,←,←,←,←,←,←,←,←,←,←,←,←,←,←,←,←,←,←,←,←,↖,↖,←,↖,←,←,←,←,←,←,←,←,↖,←,←,←,←,←,←,←,←,←,←,←,←,←,←,←,←,←,←,←,←,←,←,←,←,←,←,←,←,↖,←,←,←,↖,←,↖,←,↖,←,←,←,←,←,←,←,←,↖,←,←,←,←,←,↖,←,←,←,←,←,←,←,←,←,←,←,←,←,↖,←,←,←,←,←,↖,←,←,←,←,←,←,←,←,←,←,←,←,←,←,←,←,←,←,←,←,←,←,←,←,←,←,←,←,←,←,←,←,←,←,←,←,←,←,←,←,←,←,←,←,↖,←,←,←,←,←,←,←,←,←,←,←,←,←,←,←,←,←,←,↖,↖,↖,←,←,←,←,←,←,←,←,←
F,↑,↑,↖,↑,↖,↖,↑,↖,↖,←,←,↖,←,←,←,←,↖,←,↖,↖,←,←,←,←,↖,←,←,←,↑,↖,↖,↖,←,←,←,←,←,↖,←,←,←,←,←,←,←,←,↖,←,←,←,↖,↖,←,←,←,←,←,←,←,←,←,↖,←,←,←,←,←,←,←,←,←,←,←,←,←,←,←,↖,←,←,←,←,←,←,←,↖,←,←,←,←,←,←,↖,←,←,←,←,←,←,←,←,←,←,←,←,←,←,←,←,←,←,←,←,←,←,←,←,←,←,←,←,←,←,←,←,←,←,←,←,←,←,↖,←,←,←,←,←,←,←,←,←,←,←,←,←,←,←,↖,←,←,←,←,←,←,←,←,←,←,←,←,←,←,←,←,←,←,←,↖,←,←,←,←,←,←,←,←,←,←,←,←,←,←,←,←,←,←,←,←,←,←,←,←,←,←,←,←,←,←,←,←,←,←,↖,↖,←,←,←,←,←,←,←,←,←,←,←,←,←,←,↖
G,↑,↑,↑,↑,↑,↑,↖,↖,↖,↖,↖,←,←,↖,←,←,←,←,←,←,←,←,←,←,←,←,←,←,↖,←,↖,↖,↖,←,←,←,←,←,←,←,←,←,←,←,←,←,←,←,←,←,←,←,←,←,←,←,←,←,←,↖,↖,←,↖,←,←,←,←,←,←,←,←,↖,←,←,←,←,←,←,←,←,←,←,←,←,←,←,←,←,←,←,←,←,←,←,←,←,←,←,←,←,↖,←,←,←,↖,←,↖,←,↖,←,←,←,←,←,←,←,←,↖,←,←,←,←,←,↖,←,←,←,←,←,←,←,←,←,←,←,←,←,↖,←,←,←,←,←,↖,←,←,←,←,←,←,←,←,←,←,←,←,←,←,←,←,←,←,←,←,←,←,←,←,←,←,←,←,←,←,←,←,←,←,←,←,←,←,←,←,←,←,←,←,↖,←,←,←,←,←,←,←,←,←,←,←,←,←,←,←,←,←,←,↖,↖,↖,←,←,←,←,←,←,←,←,←
I,↑,↑,↑,↖,↖,↑,↑,↖,←,↖,↖,↖,↖,←,↖,↖,↖,←,↖,↖,↖,←,←,←,←,←,←,←,←,←,←,↖,←,↖,↖,↖,↖,←,←,←,↖,←,←,←,←,←,←,←,←,↖,←,←,←,←,←,←,↖,←,↖,←,←,↖,←,←,←,↖,↖,←,←,←,↖,←,←,←,←,←,←,←,←,←,←,←,←,←,←,←,←,←,←,←,←,←,←,←,←,←,←,←,←,←,←,←,←,←,←,←,←,←,←,←,←,←,←,←,←,←,←,←,←,←,←,←,←,←,←,←,←,←,←,←,↖,←,←,←,←,←,←,←,←,←,←,↖,←,←,←,↖,←,←,↖,←,←,↖,↖,←,←,←,←,←,←,↖,←,←,←,←,←,←,←,←,←,←,←,←,←,↖,←,←,←,←,←,←,←,←,←,←,←,←,←,←,←,↖,←,←,←,←,←,←,←,←,←,←,←,←,←,←,←,←,←,←,←,←,←,←,↖,←,←,←,←,←,←
V,↑,↑,↑,↑,↖,↑,↑,↖,↖,↖,↖,↖,↖,←,←,↖,↖,↖,↖,↖,↖,←,←,←,↖,←,←,←,←,←,↖,↖,←,←,↖,↖,↖,↖,←,↖,←,↖,←,←,←,←,←,↖,←,←,←,←,←,↖,←,←,←,←,←,←,←,←,←,←,←,←,↖,←,↖,↖,↖,←,←,←,←,←,←,←,←,←,←,←,←,←,←,←,←,←,←,←,←,←,←,←,←,←,←,←,←,←,←,↖,←,←,←,←,←,←,←,←,←,↖,←,←,←,←,←,←,←,←,←,←,←,←,←,←,↖,←,←,←,←,←,←,←,←,←,←,←,↖,←,←,←,←,←,←,←,←,←,←,←,←,←,←,←,←,←,←,←,←,←,←,←,←,←,←,←,←,←,↖,←,←,↖,←,←,←,←,↖,←,←,←,←,←,←,←,↖,←,←,←,←,←,←,←,←,←,←,←,←,←,←,←,←,←,←,←,←,←,←,←,←,←,←,←,←,←,←,←,←,←,←
S,↑,↑,↑,↑,↑,↑,↑,↖,↖,↖,↖,↖,↑,↖,↖,←,←,↖,←,←,←,↖,↖,←,←,↖,←,←,←,←,←,←,←,←,←,↖,←,↖,↖,←,↖,↖,↖,←,←,←,←,←,←,←,←,←,←,←,←,←,←,←,←,←,←,←,←,←,←,←,←,↖,←,←,←,↖,↖,←,←,←,↖,←,←,←,←,↖,↖,←,↖,←,←,←,←,←,←,↖,←,←,←,←,←,←,↖,↖,←,←,←,←,←,←,←,←,←,←,←,←,←,←,←,←,←,←,←,←,←,←,←,←,←,↖,←,←,←,←,←,←,↖,←,←,←,←,←,←,↖,↖,←,←,←,←,←,←,←,←,←,←,←,←,←,←,←,←,←,←,←,↖,←,←,←,←,←,←,←,←,←,←,←,←,←,←,←,←,←,←,←,←,↖,←,←,←,←,←,←,←,←,←,←,←,←,←,←,←,←,←,←,←,←,←,←,←,←,←,←,←,←,←,←,←,←,←,←,←,←,←
H,↑,↑,↑,↑,↑,↖,↑,↑,↖,↑,↖,↖,↑,↑,↖,↖,←,↖,↖,↖,←,↖,←,↖,←,←,↖,←,←,←,←,←,←,←,←,↖,←,↖,↖,↖,↖,↖,↖,↖,↖,←,←,←,←,←,←,←,←,←,←,←,←,←,←,←,←,←,←,←,←,←,←,←,←,←,←,←,←,←,←,←,←,←,←,←,←,←,←,←,←,←,←,←,←,←,←,←,←,←,←,←,←,←,←,←,←,←,←,←,←,←,←,←,←,←,←,←,↖,←,←,←,←,←,←,←,←,↖,←,←,←,←,←,←,←,←,←,←,←,←,↖,←,←,←,←,←,←,←,←,←,←,←,←,←,←,←,←,←,←,←,←,←,←,←,←,←,←,←,←,←,←,←,←,←,←,←,←,←,←,←,←,←,←,←,←,←,←,←,←,←,←,←,←,←,←,←,←,←,←,←,←,←,←,←,←,←,←,←,←,←,←,←,←,←,←,←,←,←,←,←,←,←,↖,←,←
V,↑,↑,↑,↑,↖,↖,↑,↑,↖,↖,↑,↖,↖,↑,↖,↖,↖,←,↖,↖,↖,←,←,←,↖,←,←,↖,←,↖,↖,↖,←,←,←,←,↖,←,←,↖,↖,↖,←,↖,↖,↖,←,↖,←,←,←,←,←,↖,←,←,←,←,←,←,←,←,←,←,←,←,←,←,←,←,←,←,←,←,←,←,←,←,←,←,←,←,←,←,←,←,←,←,←,←,←,←,←,←,←,←,←,←,←,←,←,↖,←,←,←,←,←,←,←,←,←,↖,←,←,←,←,←,←,←,←,←,←,↖,←,↖,←,↖,←,←,←,←,←,←,←,←,←,←,←,↖,←,←,←,←,←,←,←,←,←,←,←,←,←,←,←,←,←,←,←,←,←,←,←,←,←,←,←,←,←,↖,←,←,↖,←,←,←,←,↖,←,←,←,←,←,←,←,↖,←,←,←,←,←,←,←,←,←,←,←,←,←,←,←,←,←,←,←,←,←,←,←,←,←,←,←,←,←,←,←,←,←,←
C,↑,↑,↑,↑,↑,↑,↑,↑,↑,↑,↖,↑,↖,↖,↑,↖,↖,↖,←,↖,↖,↖,↖,←,←,↖,←,←,←,↖,↖,↖,←,←,←,←,↖,↖,↖,↖,↖,↖,↖,↖,←,↑,↖,↖,↖,↖,↖,↖,↖,↖,←,←,←,←,←,←,←,←,←,←,←,←,←,←,←,←,←,←,↖,←,←,←,↖,←,←,←,←,←,←,←,↖,←,←,←,←,←,←,↖,←,←,←,←,←,↖,↖,↖,←,↖,←,↖,←,↖,←,↖,←,←,↖,↖,←,←,←,←,↖,←,←,←,↖,←,↖,↖,↖,↖,↖,↖,↖,↖,←,←,↖,←,←,←,↖,←,↖,↖,↖,←,←,←,↖,←,←,←,←,↖,↖,←,←,←,←,←,←,←,↖,←,↖,←,←,←,↖,←,←,←,↖,←,↖,↖,←,←,↖,↖,↖,←,←,←,←,↖,←,←,↖,←,↖,↖,←,←,↖,←,←,←,↖,←,←,←,←,←,↖,↖,←,←,←,←,↖,←,←,←,←,←,←,←,←,←,←,←,←
I,↑,↑,↑,↖,↑,↖,↑,↑,↖,↑,↑,↖,↖,↖,↖,↖,↖,↖,↖,↖,↖,←,←,←,↖,←,←,←,←,←,↖,↖,←,←,←,←,↖,←,←,↖,↖,↖,←,←,←,←,←,↖,←,↖,←,←,←,←,←,←,↖,←,↖,←,←,←,←,←,←,←,↖,←,←,←,↖,←,←,←,←,←,←,←,←,←,←,←,←,←,←,←,←,←,←,←,←,←,←,←,←,←,←,←,←,←,←,←,←,←,←,←,←,←,←,←,←,←,←,←,←,←,←,←,←,←,←,←,←,←,←,←,↖,←,↖,←,↖,←,←,←,←,←,←,←,←,←,←,↖,←,←,←,↖,←,←,↖,←,←,↖,↖,←,←,←,←,←,←,↖,←,←,←,←,←,←,←,←,←,←,←,←,←,↖,←,←,←,←,←,←,←,←,←,←,←,←,←,←,←,↖,←,←,←,←,←,←,←,←,←,←,←,←,←,←,←,←,←,←,←,←,←,←,↖,←,←,←,←,←,←
S,↑,↑,↑,↑,↑,↑,↑,↖,↑,↖,↖,↑,↑,↖,↖,↖,↑,↖,↖,↖,↖,↖,↖,←,←,↖,←,←,←,←,←,←,↖,↖,↖,↖,←,↖,↖,←,←,↖,↖,←,←,←,←,←,↖,←,↖,↖,↖,↖,↖,↖,←,↖,←,↖,↖,←,↖,↖,←,←,←,←,←,←,←,←,↖,←,←,←,↖,←,←,←,←,↖,↖,←,↖,←,←,←,←,←,←,↖,←,←,←,←,←,←,↖,↖,←,←,←,←,←,←,←,←,←,←,←,←,←,←,←,←,←,←,←,←,←,←,←,←,←,↖,←,←,←,↖,←,↖,↖,←,←,←,←,←,←,↖,↖,←,←,←,←,←,←,←,←,←,←,←,←,←,←,←,←,←,←,←,↖,←,←,←,←,←,←,←,←,←,←,←,←,←,←,←,←,←,←,←,←,↖,←,←,←,←,←,←,←,←,←,←,←,←,←,←,←,←,←,←,←,←,←,←,←,←,←,←,←,←,←,←,←,←,←,←,←,←,←
F,↑,↑,↖,↑,↑,↖,↑,↑,↖,↑,↑,↖,↑,↑,↖,↖,↖,↑,↖,↖,↖,←,↖,↖,↖,←,↖,↖,↖,↖,↖,↖,←,←,←,←,←,↖,←,↖,↖,←,←,↖,↖,←,↖,←,←,↖,↖,↖,←,←,←,←,←,←,←,←,←,↖,←,←,←,←,←,←,←,←,←,←,←,←,←,←,←,↖,←,←,←,←,←,←,←,↖,←,←,←,←,←,←,↖,←,←,←,←,←,←,←,←,←,←,←,←,←,←,←,←,←,←,←,←,←,←,←,←,←,←,←,←,←,←,←,←,←,←,←,←,←,←,↖,←,↖,←,↖,←,←,←,←,←,←,↖,←,←,←,←,↖,←,←,←,←,←,←,←,←,←,←,←,←,←,←,←,←,←,←,←,↖,←,←,←,←,←,←,←,←,←,←,←,←,←,←,←,←,←,←,←,←,←,←,←,←,←,←,←,←,←,←,←,←,←,←,↖,↖,←,←,←,←,←,←,←,←,←,←,←,←,←,←,↖
S,↑,↑,↑,↑,↑,↑,↖,↖,↑,↖,↖,↑,↑,↖,↖,↖,↖,↖,↑,↖,↖,↖,↖,↖,↖,↖,←,←,←,←,←,←,↖,↖,↖,↖,←,←,↖,←,←,←,↖,←,↖,↖,←,↖,↖,←,↖,↖,↖,↖,↖,↖,←,←,←,↖,↖,←,↖,↖,←,←,←,←,←,←,←,←,↖,←,←,←,↖,←,←,←,←,↖,↖,←,↖,←,←,←,←,←,←,↖,←,←,←,←,←,←,↖,↖,←,←,←,←,←,←,←,←,←,←,←,←,←,←,←,←,←,←,←,←,←,←,←,←,←,↖,←,←,←,←,←,←,↖,←,←,←,←,←,←,↖,↖,←,←,←,←,←,←,←,←,↖,↖,←,←,←,←,←,←,←,←,←,↖,←,←,←,←,←,←,←,←,←,←,←,←,←,←,←,←,←,←,←,←,↖,←,←,←,←,←,←,←,←,←,←,←,←,←,←,←,←,←,←,←,←,←,←,←,←,←,←,←,←,←,←,←,←,←,←,←,←,←
N,↑,↑,↑,↑,↑,↑,↖,↖,↑,↑,↖,↑,↑,↖,↑,↖,↖,↑,↖,↑,↖,↖,↖,↖,←,↖,↖,←,↖,←,←,←,↖,↖,↖,←,←,←,↖,←,←,←,←,←,↖,↖,↖,↖,↖,←,←,↖,↖,↖,↖,↖,↖,↖,←,↖,↖,←,↖,↖,←,←,←,←,←,←,←,←,←,←,←,←,←,←,←,←,←,↖,↖,←,←,←,←,←,←,←,←,←,←,←,←,←,←,↖,↖,↖,←,←,←,←,←,←,←,←,←,←,←,←,←,←,←,←,←,←,↖,←,←,←,←,←,←,←,←,←,←,←,←,←,←,←,←,←,←,←,←,←,←,←,←,←,←,←,↖,←,←,←,←,←,←,↖,←,←,←,←,←,←,←,←,←,←,←,←,←,←,←,←,←,←,←,←,←,←,←,←,←,←,←,←,←,←,←,←,←,←,←,←,←,←,←,←,←,←,←,↖,←,↖,←,←,←,←,←,←,←,←,←,←,←,←,←,←,←,←,←,←,←
N,↑,↑,↑,↑,↑,↑,↖,↖,↑,↑,↖,↖,↑,↖,↑,↖,↖,↖,↖,↖,↖,↖,↖,↖,←,↖,↖,↖,↖,←,←,←,↖,↖,↖,←,←,←,↖,←,←,←,←,←,←,←,←,↖,↖,↖,←,←,↖,↖,↖,↖,←,↖,↖,↖,↖,←,↖,↖,↖,↖,↖,↖,←,↖,←,↖,←,←,↖,←,←,←,←,←,←,↖,↖,←,←,←,←,←,←,←,←,←,←,←,←,←,←,←,←,←,←,←,←,←,←,←,←,←,←,←,←,←,←,←,←,←,←,←,↖,←,←,↖,←,←,←,↖,←,↖,←,←,←,←,←,←,←,←,←,←,←,←,←,←,←,←,←,←,↖,←,←,←,←,←,←,↖,←,←,←,←,←,←,←,←,←,←,←,←,←,←,←,←,←,←,←,←,←,←,←,←,←,←,←,←,←,←,←,←,←,←,←,←,←,←,←,←,←,←,←,↖,←,↖,←,←,←,←,←,←,←,←,←,←,←,←,←,←,←,←,←,←,←
Q,↑,↑,↑,↑,↑,↑,↑,↖,↑,↑,↑,↖,↑,↑,↑,↖,↖,↖,↖,↖,↖,↖,↖,↖,↖,↖,↖,←,↖,↖,←,←,←,↖,↖,↖,←,←,←,←,←,←,←,←,←,←,←,←,←,←,↖,↖,↖,↖,↖,↖,←,↖,←,←,↖,↖,↖,↖,↖,←,←,↖,↖,↖,←,←,↖,↖,↖,↖,←,←,←,↖,←,←,↖,↖,↖,←,←,←,←,←,←,↖,←,←,←,←,←,←,↖,↖,←,←,↖,←,←,←,←,←,←,←,←,←,←,←,←,←,←,←,←,←,↖,↖,←,←,←,←,←,←,←,←,←,←,↖,←,↖,←,←,←,←,←,←,←,←,←,←,←,←,↖,↖,↖,↖,←,←,↖,↖,↖,←,←,←,←,←,↖,←,↖,←,←,←,←,←,←,←,←,←,←,←,←,←,←,←,←,←,←,←,←,←,←,←,←,←,←,←,←,←,←,←,←,←,←,←,←,↖,↖,←,←,↖,←,←,←,←,←,↖,←,←,←,←,↖,←,←,←
Q,↑,↑,↑,↑,↑,↑,↑,↖,↑,↑,↑,↖,↖,↑,↑,↖,↖,↖,↖,↖,↖,↖,↖,↖,↖,↖,↖,↖,←,↖,↖,↖,↖,↖,↖,↖,↖,↖,↖,←,←,←,←,←,↖,←,←,←,←,←,←,←,↖,↖,↖,↖,↖,↖,←,↖,↖,←,↖,↖,↖,↖,←,↖,↖,↖,←,↖,↖,↖,↖,↖,↖,←,↖,↖,↖,↖,↖,↖,↖,←,←,←,←,←,←,↖,←,←,←,←,←,←,↖,↖,←,←,↖,←,←,←,←,←,←,←,←,←,←,←,←,←,←,←,↖,←,←,↖,↖,←,↖,↖,←,↖,←,←,←,←,↖,←,↖,←,←,←,←,↖,↖,←,←,←,←,←,↖,←,←,↖,↖,←,←,↖,↖,↖,←,←,←,←,↖,↖,←,↖,←,←,←,←,←,←,←,←,←,←,←,←,←,←,←,←,←,←,←,←,←,←,←,←,←,←,←,←,←,←,←,←,←,←,←,←,←,←,←,←,←,←,←,←,←,←,←,←,←,←,←,↖,↖,←,←
A,↑,↑,↑,↑,↑,↑,↖,↖,↑,↖,↖,↑,↖,↖,↑,↖,↖,↖,↖,↖,↖,↑,↖,↑,↖,↖,↖,↖,↖,↖,←,←,←,←,←,←,↖,↖,↖,↖,←,↖,↖,↖,←,↖,←,←,←,←,←,←,←,←,←,↖,↖,↖,↖,↖,↖,←,↖,↖,↖,↖,↖,↖,↖,↖,↖,↖,↖,←,←,←,↖,←,←,←,←,←,←,←,↖,←,←,←,←,←,←,↖,←,←,←,←,←,↖,←,←,←,←,←,↖,←,↖,←,←,←,←,←,←,←,←,←,←,↖,←,←,←,↖,←,↖,←,↖,←,←,←,←,←,←,←,←,←,←,←,↖,←,←,←,←,←,←,←,↖,←,←,←,←,←,←,←,←,←,←,←,↖,↖,↖,←,←,←,↖,↖,↖,←,←,←,↖,←,↖,←,←,←,←,↖,←,←,←,←,←,←,←,←,←,←,↖,↖,←,←,←,←,←,←,←,←,←,←,←,←,←,←,←,←,←,←,↖,←,←,←,←,←,←,←,←,←,←,←,←
F,↑,↑,↖,↑,↑,↖,↑,↑,↖,↑,↖,↖,↑,↑,↑,↑,↖,↑,↖,↖,↖,↖,↑,↖,↖,↖,↖,↖,↖,↖,↖,↖,←,←,←,←,←,↖,←,←,↖,←,←,←,↖,←,↖,←,←,←,↖,↖,←,←,←,←,←,↖,↖,←,↖,↖,←,←,←,←,←,←,↖,←,↖,←,↖,↖,←,↖,←,↖,←,←,←,←,←,←,←,↖,←,←,←,←,←,←,↖,←,←,←,←,←,←,←,←,←,←,←,←,←,←,←,←,←,←,←,↖,←,←,←,←,←,←,←,←,←,←,←,←,←,←,←,←,←,←,↖,←,←,←,←,←,←,←,←,←,←,←,←,←,←,←,↖,←,←,←,←,←,←,←,←,←,←,←,↖,←,←,↖,←,←,←,↖,↖,←,←,←,←,←,←,←,←,←,←,←,←,←,←,←,←,←,←,←,←,←,←,←,←,←,←,←,←,←,←,←,←,←,←,↖,↖,←,←,←,←,←,←,←,←,←,←,←,←,←,←,↖
G,↑,↑,↑,↑,↑,↑,↖,↑,↑,↖,↖,↑,↑,↖,↑,↑,↑,↖,↑,↑,↖,↖,↖,↖,↖,↖,↖,↖,↖,↖,↖,↖,↖,←,←,←,←,←,↖,←,←,←,←,↖,←,↖,←,↖,↖,←,←,←,↖,←,↖,↖,←,←,↖,↖,↖,←,↖,←,←,←,←,←,←,←,←,↖,←,←,←,←,↖,←,↖,←,←,↖,↖,←,↖,←,↖,←,←,↖,↖,↖,←,←,←,←,←,↖,↖,↖,↖,←,←,←,↖,←,↖,←,↖,←,←,←,←,←,←,←,←,↖,←,←,←,←,←,↖,←,←,←,←,←,←,←,←,←,←,←,←,←,↖,←,←,←,←,←,↖,←,←,←,←,←,←,←,←,←,←,←,←,←,←,←,←,←,←,←,←,←,←,←,←,↖,↖,↖,←,←,←,←,↖,←,←,←,←,←,↖,←,←,←,←,↖,↖,↖,←,←,←,←,←,←,←,←,←,←,←,←,←,←,←,←,←,←,↖,↖,↖,←,←,←,←,←,←,←,←,←
Y,↑,↑,↖,↑,↑,↑,↑,↖,↖,↑,↑,↖,↑,↑,↖,↑,↑,↑,↖,↖,↖,↖,↖,↖,↖,↖,↖,↖,↑,↖,↖,↖,↖,↖,↖,↖,↖,↖,←,←,←,←,←,←,←,←,↖,←,↖,↖,↖,↖,←,←,←,←,←,←,←,←,↖,↖,←,↖,↖,←,←,←,←,←,←,←,↖,←,←,↖,←,↖,←,↖,↖,←,↖,↖,←,↖,←,←,←,←,←,←,↖,←,←,←,←,←,←,←,←,↖,←,←,←,←,←,←,←,↖,←,←,↖,←,←,←,←,←,←,←,←,←,←,←,←,←,←,←,←,←,←,←,←,←,←,←,←,←,←,←,←,←,←,←,←,←,←,↖,←,←,←,←,←,←,←,←,←,←,←,←,←,←,↖,←,←,←,←,←,←,←,←,↖,↖,↖,←,←,↖,↖,↖,↖,↖,←,↖,←,↖,↖,←,←,←,↖,←,↖,←,←,←,←,←,←,←,←,←,←,↖,↖,←,←,←,←,←,←,←,←,↖,↖,↖,←,←,←,←
L,↑,↖,↑,↖,↑,↑,↑,↖,↑,↑,↑,↖,↖,↑,↖,↖,↖,↑,↖,↖,↖,↖,↖,↑,↖,↖,↖,↖,↖,↖,↖,↖,←,←,↖,↖,↖,←,↖,↖,↖,←,←,←,←,←,←,↖,↖,↖,←,↖,↖,←,↖,←,←,↖,←,←,←,↖,↖,↖,↖,↖,←,←,↖,←,←,←,←,←,←,←,←,←,←,←,↖,←,←,↖,←,↖,↖,↖,↖,←,←,←,←,↖,↖,↖,↖,←,←,←,←,←,←,←,←,←,←,←,←,←,↖,↖,←,↖,↖,↖,←,←,←,↖,←,←,←,←,←,←,←,←,↖,←,←,←,←,↖,←,↖,←,←,←,←,←,←,↖,←,←,←,←,←,↖,←,←,↖,↖,←,↖,←,←,←,←,←,←,←,←,←,↖,←,↖,←,←,←,←,←,↖,←,←,←,←,↖,↖,↖,↖,←,↖,←,←,↖,←,←,←,←,↖,↖,↖,↖,←,←,←,←,↖,←,←,←,←,↖,←,←,←,←,←,←,←,←,↖,↖,←,↖,←,↖,←
G,↑,↑,↑,↑,↑,↑,↖,↖,↑,↖,↖,↑,↑,↖,↑,↖,↑,↖,↑,↑,↖,↖,↖,↖,↑,↖,↖,↖,↖,←,↑,↖,↖,←,←,↖,↖,↖,↖,←,↖,↖,↖,↖,←,↖,←,←,↖,↖,↖,↖,↖,↖,↖,↖,←,←,←,↖,↖,←,↖,←,←,←,↖,↖,←,←,←,↖,←,←,←,←,←,←,←,←,←,↖,↖,←,↖,←,←,←,↖,↖,↖,↖,←,←,←,←,←,↖,↖,↖,↖,←,←,←,↖,←,↖,←,↖,←,←,←,←,←,←,←,↖,↖,←,←,←,←,←,↖,←,←,←,←,←,←,←,←,←,←,←,←,←,↖,←,←,←,←,←,↖,←,←,←,←,←,←,←,←,←,←,←,←,←,←,←,←,←,←,←,←,←,←,←,←,←,←,←,←,←,←,←,←,←,←,←,←,←,←,←,←,←,←,←,←,↖,←,←,←,←,←,←,↖,←,↖,←,↖,←,←,←,←,←,←,↖,↖,↖,↖,←,←,←,←,←,←,←,←,↖
L,↑,↖,↑,↖,↖,↑,↑,↑,↑,↑,↑,↖,↖,↑,↖,↑,↖,↑,↖,↖,↖,↖,↖,↖,↖,↑,↖,←,↑,↖,↖,↖,↑,↖,↖,↖,↖,←,↖,↖,↖,↖,←,↖,↖,↖,↖,↖,↖,←,←,↖,↖,↖,↖,←,↖,↖,←,←,↖,↖,←,↖,↖,↖,←,↖,↖,←,←,←,↖,←,←,↖,←,←,←,←,↖,←,←,↖,←,←,←,↖,↖,←,←,←,↖,↖,↖,↖,↖,←,←,←,←,↖,←,←,←,←,←,←,←,←,←,↖,←,←,←,↖,←,←,↖,↖,←,←,←,←,←,←,←,←,↖,←,←,←,←,↖,←,↖,←,←,←,←,←,←,↖,←,←,←,←,←,←,←,←,←,←,←,←,←,←,←,←,←,←,←,←,←,←,←,↖,←,←,←,←,←,↖,←,←,←,←,↖,↖,↖,↖,←,↖,←,←,↖,←,←,←,↖,←,↖,↖,↖,←,←,←,←,↖,←,←,←,←,←,←,←,←,←,←,←,←,←,↖,↖,←,←,←,↖,←
V,↑,↑,↑,↑,↖,↑,↑,↖,↑,↖,↑,↑,↖,↑,↖,↖,↑,↖,↑,↖,↖,↖,↖,↖,↑,↖,↑,↖,↑,↖,↖,↖,↖,↖,↖,↖,↖,↖,←,↖,↖,↖,←,←,←,←,←,↖,←,↖,←,←,←,↖,←,←,↖,←,↖,←,←,←,↖,↖,↖,↖,↖,←,←,↖,↖,←,←,←,←,↖,↖,←,←,←,↖,←,←,↖,←,←,←,↖,↖,←,←,←,←,↖,↖,↖,↖,←,←,←,←,↖,←,↖,←,↖,←,↖,←,←,↖,↖,←,←,←,←,←,←,←,↖,↖,←,↖,←,↖,←,↖,←,←,←,←,←,←,←,←,←,←,←,↖,←,←,←,←,←,←,←,←,←,←,←,←,←,←,←,←,←,←,←,←,←,←,←,←,←,←,←,←,←,↖,←,←,↖,←,←,←,←,↖,←,←,←,←,←,←,←,↖,←,←,←,←,←,←,↖,↖,↖,←,←,←,←,↖,←,↖,↖,←,←,←,←,↖,←,←,←,←,←,↖,↖,↖,←,←,↖,←
F,↑,↑,↑,↑,↑,↖,↑,↑,↖,↑,↑,↑,↑,↑,↑,↑,↖,↑,↑,↖,↑,↖,↖,↖,↖,↑,↑,↑,↖,↑,↖,↖,↖,↖,↑,↖,↖,↖,←,←,↖,↖,↖,←,↖,←,↖,←,↖,↖,↖,↖,←,←,←,←,←,↖,↖,←,←,↖,←,←,←,←,↖,↖,↖,←,↖,←,↖,←,←,↖,←,↖,←,←,←,←,←,←,←,↖,←,←,←,←,←,←,↖,←,←,↖,↖,←,←,←,←,←,↖,↖,↖,↖,←,↖,←,↖,←,←,↖,←,←,←,←,←,←,←,←,↖,←,←,←,←,↖,↖,↖,←,←,↖,←,←,←,←,←,←,←,←,←,←,←,←,←,←,←,↖,←,←,←,←,←,←,←,←,←,←,←,←,←,←,←,←,←,←,←,↖,←,←,←,←,←,←,←,←,←,←,←,←,←,←,←,←,←,←,←,←,←,←,←,←,←,←,←,←,←,←,←,←,←,←,↖,↖,←,←,←,←,←,←,←,←,←,←,↖,←,←,←,↖
A,↑,↑,↑,↑,↑,↑,↑,↖,↑,↖,↑,↑,↑,↖,↖,↖,↑,↖,↑,↑,↑,↖,↖,←,↖,↖,↖,↖,↖,↖,↑,↑,↖,↖,↖,↖,↖,↖,↖,↖,←,↖,↖,↖,←,↖,←,↖,←,←,←,↖,↖,↖,←,←,←,←,←,↖,↖,←,↖,←,←,←,←,↖,↖,↖,↖,↖,↖,←,←,←,↖,←,↖,←,↖,↖,↖,↖,↖,←,←,←,←,←,←,↖,←,↖,↖,↖,↖,↖,←,←,←,←,←,↖,←,↖,←,←,←,←,↖,↖,←,↖,↖,←,↖,←,←,←,↖,←,↖,←,↖,←,←,←,←,↖,←,←,↖,←,←,←,↖,←,←,←,←,←,←,←,↖,←,←,←,←,←,←,←,←,←,←,←,←,←,↖,←,←,←,←,←,←,←,←,←,←,←,↖,←,←,←,←,↖,←,←,←,←,←,←,←,←,←,←,↖,↖,←,←,←,←,←,←,←,←,←,←,←,←,←,←,←,←,←,←,↖,←,←,←,←,←,←,←,←,←,←,←,←
S,↑,↑,↑,↑,↑,↑,↑,↑,↖,↑,↖,↑,↑,↖,↖,↑,↖,↖,↖,↑,↑,↖,↑,↖,←,↖,↖,↖,↖,↖,↖,↑,↖,↖,↖,↖,↖,↖,↖,↖,↖,↖,↖,↖,↖,↖,←,←,↖,←,←,←,↖,↖,↖,↖,←,←,←,↖,↖,←,↖,↖,←,←,←,←,←,↖,↖,↖,↖,↖,↖,←,↖,←,↖,↖,←,↖,↖,←,↖,←,←,←,←,←,←,↖,←,←,←,←,←,←,↖,↖,←,←,←,←,←,←,←,←,←,←,←,←,←,←,↖,←,↖,↖,↖,←,↖,←,↖,↖,↖,↖,←,←,←,←,←,←,↖,↖,↖,←,↖,↖,←,↖,↖,←,←,←,←,←,←,←,←,←,←,←,←,←,←,←,←,←,←,←,↖,←,←,←,←,←,←,←,←,←,←,←,←,←,←,←,←,←,←,←,←,↖,←,←,←,←,←,←,←,←,←,←,←,←,←,←,←,←,←,←,←,←,←,←,←,←,←,←,←,←,←,←,←,←,←,←,←,←,←
F,↑,↑,↑,↑,↑,↖,↑,↑,↖,↑,↑,↑,↑,↑,↑,↑,↖,↑,↖,↖,↑,↑,↑,↑,↖,←,↖,↖,↑,↑,↖,↖,↑,↑,↖,↖,↖,↖,↖,↖,↖,←,←,↖,↖,↖,↖,←,←,←,↖,↖,←,←,↖,←,↖,↖,↖,←,←,↖,←,←,↖,↖,←,←,↖,←,↖,↖,↖,↖,↖,↖,←,↖,←,←,←,←,←,↖,←,↖,←,←,←,←,←,←,↖,←,←,←,←,←,←,←,←,↖,←,←,←,←,←,←,←,↖,←,←,↖,←,←,←,←,←,↖,↖,←,←,←,←,↖,↖,↖,←,↖,←,←,↖,←,←,←,←,←,←,↖,←,↖,↖,↖,←,←,←,←,↖,←,←,←,←,←,←,←,←,←,←,←,←,←,←,←,←,←,←,←,↖,←,←,←,←,←,←,←,←,←,←,←,←,←,←,←,←,←,←,←,←,←,←,←,←,←,←,←,←,←,←,←,←,←,←,↖,↖,←,←,←,←,←,←,←,←,←,←,←,←,←,←,↖
A,↑,↑,↑,↑,↑,↑,↑,↖,↑,↖,↖,↑,↑,↖,↑,↖,↑,↖,↑,↖,↖,↑,↖,↖,↑,↖,←,↖,↖,↖,↑,↖,↖,↑,↖,↖,↖,↖,↖,↖,↖,↖,↖,↖,←,↖,←,↖,←,←,←,←,↖,↖,←,←,←,↖,↖,↖,↖,←,↖,←,←,↖,↖,↖,←,↖,↖,↖,↖,←,↖,↖,↖,←,↖,←,↖,↖,↖,↖,↖,←,↖,↖,↖,↖,↖,↖,←,←,←,←,←,↖,←,←,←,←,←,↖,←,↖,←,←,←,←,←,←,←,←,←,←,↖,←,←,←,↖,←,↖,←,↖,←,←,↖,↖,↖,←,←,↖,←,←,←,↖,←,←,←,←,←,←,↖,↖,←,←,←,↖,↖,↖,←,←,←,←,←,←,←,↖,←,←,←,←,←,←,←,←,←,←,←,↖,←,←,←,←,↖,←,←,←,←,←,←,←,←,←,←,↖,↖,←,←,←,←,←,←,←,←,←,←,←,←,←,←,←,←,←,←,↖,←,←,←,←,←,←,←,←,←,←,←,←
I,↑,↑,↑,↑,↑,↑,↑,↑,↑,↑,↖,↑,↑,↑,↑,↑,↖,↑,↖,↖,↖,↑,↑,↑,↖,↑,↖,↖,↖,↑,↖,↖,↑,↖,↑,↖,↖,←,↖,↖,↖,↖,↖,↖,↖,↖,↖,↖,↖,↖,←,←,←,↖,←,←,↖,←,↖,←,←,←,←,↖,↖,↖,↖,←,←,←,↖,←,←,↖,←,↖,↖,↖,←,←,↖,←,←,↖,←,↖,←,↖,↖,←,←,←,↖,↖,↖,↖,↖,←,↖,↖,←,↖,←,←,←,←,←,←,←,←,←,↖,←,←,←,←,←,←,←,↖,←,↖,↖,←,↖,←,↖,←,↖,←,↖,←,←,↖,←,↖,←,←,↖,←,←,↖,←,←,←,↖,←,←,↖,←,←,↖,↖,←,←,←,←,←,←,↖,←,←,←,←,←,←,←,←,←,←,←,←,←,↖,←,←,←,←,←,←,←,←,←,←,←,←,←,←,←,↖,←,←,←,←,←,←,←,←,←,←,←,←,←,←,←,←,←,←,←,←,←,←,↖,←,←,←,←,←,←
V,↑,↑,↑,↑,↖,↑,↑,↑,↑,↑,↖,↑,↖,↑,↑,↑,↑,↖,↑,↖,↖,↖,↑,↖,↑,↑,↖,↖,←,↖,↑,↖,↖,↖,↖,↖,↖,↖,←,↖,↖,↖,↖,↖,←,↖,↖,↖,↖,↖,←,←,↖,↖,←,←,←,←,↖,←,←,←,←,←,←,↖,↖,←,↖,↖,↖,←,←,←,←,←,↖,←,↖,↖,↖,↖,↖,↖,←,←,←,↖,↖,←,←,←,←,↖,↖,↖,↖,←,←,←,←,↖,←,↖,←,↖,←,↖,←,←,↖,↖,←,←,←,←,←,←,←,←,←,←,↖,←,↖,←,↖,←,↖,←,↖,↖,←,↖,↖,↖,←,←,↖,←,←,↖,←,←,←,↖,↖,↖,↖,←,←,↖,↖,←,←,←,←,←,←,↖,←,←,↖,←,↖,←,↖,←,↖,←,←,↖,←,←,←,←,↖,←,←,←,←,←,←,←,↖,←,←,←,←,←,←,←,←,←,←,←,←,←,←,←,←,←,←,←,←,←,←,←,←,←,←,←,←,←,←,←,←,←,←
C,↑,↑,↑,↑,↑,↑,↑,↑,↑,↑,↖,↑,↑,↑,↑,↑,↑,↖,↑,↑,↑,↖,↖,↖,↑,↑,↖,↑,↖,↖,↑,↑,↖,↖,↖,↖,↑,↑,↖,↖,↑,↖,↖,↖,↖,↖,↖,↑,↖,↖,↖,↖,↖,↖,↖,←,↖,↖,↖,↖,↖,↖,←,↖,←,↖,↖,↖,↖,↖,↖,↖,↖,←,←,←,↖,↖,←,↖,↖,↖,↖,↖,↖,←,←,←,↖,↖,↖,↖,←,←,↖,↖,↖,↖,↖,↖,←,↖,↖,↖,↖,↖,←,↖,←,←,↖,↖,↖,←,←,↖,↖,←,←,←,↖,←,↖,←,↖,↖,↖,↖,↖,↖,←,↖,↖,←,↖,↖,↖,←,↖,↖,↖,←,↖,←,↖,←,↖,↖,↖,↖,↖,←,←,↖,↖,←,←,←,↖,←,↖,←,←,←,↖,←,↖,↖,↖,↖,↖,↖,←,←,↖,↖,↖,←,←,←,←,↖,←,←,↖,←,↖,↖,←,←,↖,←,←,←,↖,←,←,←,←,←,↖,↖,←,←,←,←,↖,←,←,←,←,←,←,←,←,←,←,←,←
L,↑,↖,↑,↖,↑,↑,↑,↑,↑,↑,↑,↖,↑,↑,↑,↑,↖,↑,↖,↖,↖,↖,↖,↖,↖,↑,↖,↑,↑,↖,↖,↖,↑,↖,↖,↖,↖,↖,↑,↖,↖,↖,↖,↖,↖,↖,↖,↖,↖,↖,←,↖,↖,←,↖,←,↖,↖,←,←,←,←,←,←,←,↖,←,←,↖,↖,↖,←,←,←,←,↖,←,←,↖,↖,↖,←,←,↖,←,↖,←,↖,↖,←,←,↖,↖,↖,↖,↖,↖,←,←,←,←,←,←,←,←,←,←,↖,←,←,↖,↖,←,←,←,↖,←,←,←,↖,←,←,←,←,←,←,←,←,↖,←,↖,←,←,↖,←,↖,←,←,↖,←,↖,↖,↖,←,←,↖,←,←,↖,←,↖,↖,↖,←,↖,←,←,←,←,↖,←,←,←,←,←,←,↖,←,←,←,←,↖,↖,←,←,←,←,↖,↖,↖,↖,←,↖,←,←,↖,←,←,←,←,←,←,↖,↖,←,←,←,←,↖,←,←,←,←,←,←,←,←,←,←,←,←,←,←,↖,←,←,←,↖,←
G,↑,↑,↑,↑,↑,↑,↖,↑,↑,↑,↖,↑,↑,↖,↑,↑,↑,↖,↑,↑,↑,↖,↖,↖,↑,↖,↖,↖,↖,↖,↖,↖,↖,↖,↖,↖,↑,↑,↖,↑,↖,↖,↖,↖,↖,↖,↖,↖,↖,↑,↖,↖,↖,↖,↖,↖,←,↖,↖,↖,↖,←,↖,←,←,←,←,←,←,←,←,↖,←,←,←,←,←,←,←,←,←,↖,↖,←,↖,←,↖,←,↖,↖,↖,↖,←,↖,↖,↖,↖,↖,↖,↖,↖,←,←,←,↖,←,↖,←,↖,←,←,←,←,←,←,←,↖,↖,←,←,←,←,←,↖,←,←,←,←,←,←,←,←,←,←,↖,←,↖,↖,←,←,←,←,←,↖,←,←,←,←,←,←,←,←,←,↖,←,↖,↖,↖,↖,←,↖,←,←,←,←,←,←,←,←,↖,↖,←,←,↖,↖,↖,←,←,←,←,←,↖,←,←,←,←,↖,↖,↖,←,←,←,←,←,←,←,←,←,←,←,←,←,←,←,←,←,←,↖,↖,↖,←,←,←,←,←,←,←,←,←
C,↑,↑,↑,↑,↑,↑,↑,↖,↑,↑,↑,↖,↑,↑,↖,↑,↑,↑,↑,↑,↖,↑,↑,↖,↑,↑,↖,↑,↑,↖,↖,↖,↑,↖,↖,↖,↑,↑,↑,↖,↖,↖,↖,↖,↖,↖,↖,↖,↖,↖,↖,↖,↖,↖,↖,←,↖,↖,↖,←,↖,↖,←,↖,←,↖,↖,←,↖,↖,↖,←,↖,←,←,←,↖,←,←,←,←,←,↖,↖,↖,↖,←,↖,↖,↖,↖,↖,↖,↖,↖,↖,↖,↖,↖,↖,←,↖,←,↖,←,↖,←,↖,←,←,↖,↖,←,←,←,←,↖,←,↖,↖,↖,←,↖,←,↖,↖,↖,←,←,↖,←,←,↖,←,←,↖,↖,↖,↖,↖,↖,←,←,←,↖,←,←,←,←,↖,↖,←,←,←,↖,←,←,←,↖,↖,↖,←,←,←,↖,←,←,←,↖,←,↖,↖,←,←,↖,↖,↖,←,←,←,←,↖,←,←,↖,←,↖,↖,←,↖,↖,←,←,←,↖,←,←,←,←,←,↖,↖,←,←,←,←,↖,←,←,←,←,←,←,←,←,←,←,←,←
V,↑,↑,↑,↑,↖,↑,↑,↖,↑,↑,↑,↖,↖,↑,↖,↖,↑,↑,↖,↖,↖,↖,↖,↖,↖,↑,↖,↖,↑,↖,↖,↖,↑,↖,↖,↖,↖,↖,↑,↖,↖,↖,↖,↖,↑,↖,↖,↖,↖,↖,←,↖,↖,↖,↖,←,↖,↖,↖,←,←,↖,←,←,←,↖,↖,←,←,←,↖,←,←,↖,←,↖,←,←,←,←,↖,←,←,↖,←,←,↖,↖,↖,←,←,↖,↖,↖,↖,↖,↖,←,←,↖,←,↖,↖,↖,←,↖,←,↖,←,←,↖,↖,←,←,←,←,←,←,←,↖,←,←,↖,←,↖,↖,↖,←,←,←,←,←,←,←,←,←,←,←,↖,↖,↖,↖,←,←,←,↖,←,←,↖,←,←,↖,↖,←,←,←,←,←,←,↖,←,←,←,←,←,←,←,←,↖,←,←,↖,←,↖,←,←,↖,←,←,←,←,←,←,←,↖,←,←,←,←,←,↖,↖,↖,↖,←,←,←,←,↖,←,←,←,←,←,←,←,←,←,←,←,←,←,↖,←,←,←,←,←,←
V,↑,↑,↑,↑,↖,↑,↑,↖,↑,↑,↑,↖,↖,↑,↖,↖,↑,↑,↖,↖,↖,↖,↖,↖,↖,↖,↖,↖,↑,↖,↖,↖,←,↖,↖,↖,↖,↖,↑,↖,↖,↖,↖,↖,←,↖,↖,↖,↖,↖,↖,↖,↖,↖,↖,↖,↖,↖,↖,←,←,←,↖,↖,↖,↖,↖,←,↖,↖,↖,←,←,←,←,↖,↖,←,←,←,↖,←,←,↖,↖,↖,←,↖,↖,←,←,←,←,↖,↖,↖,↖,↖,←,←,↖,↖,←,↖,←,↖,←,↖,←,←,↖,↖,↖,←,←,↖,←,←,←,↖,↖,←,↖,←,↖,←,↖,←,↖,←,↖,←,←,←,←,←,←,←,↖,←,↖,↖,↖,←,←,↖,↖,↖,↖,←,←,↖,↖,←,←,←,←,←,←,↖,←,←,←,←,←,←,←,←,↖,←,←,↖,←,←,←,←,↖,↖,↖,↖,↖,←,↖,←,↖,←,←,←,←,↖,←,←,↖,↖,←,←,←,←,↖,←,←,←,←,←,←,←,←,←,←,←,←,←,↖,↖,←,←,←,↖,←
W,↑,↑,↑,↑,↑,↑,↑,↑,↖,↑,↑,↑,↑,↖,↑,↑,↑,↑,↑,↑,↑,↖,↖,↖,↑,↑,↖,↑,↑,↑,↑,↑,↖,←,↑,↖,↖,↖,↖,↑,↑,↑,↖,↖,↖,↖,↖,↖,↖,↖,↖,↖,←,↑,↖,←,↖,↖,←,↖,↖,↖,←,←,↖,←,←,←,←,←,←,←,←,←,←,←,←,↖,←,←,←,←,←,←,←,↖,↖,←,←,←,←,←,←,←,←,←,←,↖,↖,↖,↖,↖,↖,↖,↖,↖,↖,↖,↖,↖,←,←,←,←,←,←,←,←,←,←,←,←,←,←,←,←,←,←,←,↖,↖,↖,←,←,←,←,←,←,←,←,←,←,↖,↖,↖,↖,↖,↖,←,↖,↖,↖,↖,←,↖,←,←,←,←,←,←,↖,↖,←,←,←,←,←,←,↖,←,←,←,←,←,←,←,←,←,←,←,←,←,←,←,←,←,←,←,←,←,←,←,←,←,←,←,←,←,←,←,←,←,←,←,←,←,←,←,←,←,←,←,←,↖,←,←,←,←
A,↑,↑,↑,↑,↑,↑,↑,↖,↑,↖,↑,↑,↑,↖,↖,↖,↑,↖,↑,↑,↑,↖,↖,↖,↑,↖,↖,↖,↑,↖,↑,↑,↖,↖,↖,↖,↖,↖,↖,↖,↑,↖,↖,↖,↖,↖,←,↖,↖,↖,↖,↖,↖,↖,↖,↖,↖,↖,↖,↖,↖,←,↖,←,↑,↖,↖,↖,←,↖,↖,↖,↖,←,←,←,↖,←,←,←,←,←,←,←,←,←,↑,↖,↖,↖,↖,↖,←,←,←,←,←,↖,←,←,←,←,←,↖,←,↖,←,←,←,↑,↖,↖,←,←,←,←,↖,←,←,←,↖,←,↖,←,↖,←,←,←,←,←,←,←,↖,←,←,←,↖,←,←,←,←,←,←,←,↖,←,←,←,↖,↖,↖,←,←,←,←,↖,↖,↖,↖,←,←,←,←,←,←,←,←,←,←,←,↖,←,←,←,←,↖,←,←,←,←,←,←,←,←,←,←,↖,↖,←,←,←,←,←,←,←,←,←,←,←,←,←,←,←,←,←,←,↖,←,←,←,←,←,←,←,←,←,←,←,←
H,↑,↑,↑,↑,↑,↑,↑,↑,↑,↑,↖,↑,↑,↑,↖,↑,↑,↑,↑,↑,↑,↖,↑,↖,↖,↑,↖,↑,↑,↑,↖,↑,↑,↖,↖,↖,↑,↖,↖,↖,↑,↑,↑,↑,↖,←,↖,←,↖,↑,↖,↖,↖,↖,↖,↑,↖,↖,←,↖,↖,↖,←,↖,←,←,↖,↖,←,↖,←,←,↖,↖,↖,↖,←,↖,←,↖,←,↖,↖,←,←,←,←,↑,↖,↖,↖,↖,↖,←,←,←,←,←,↖,↖,←,←,↖,←,↖,↖,↖,↖,↖,←,↑,↖,↖,←,←,←,←,↖,↖,←,←,↖,←,←,←,←,←,←,←,←,←,←,←,←,↖,←,←,←,←,←,←,←,←,←,←,←,↖,←,←,↖,↖,↖,↖,↖,←,←,←,←,←,↖,↖,↖,↖,←,←,←,←,←,←,←,↑,↖,↖,←,↖,↖,←,←,←,←,←,↖,←,←,←,←,←,←,←,←,←,↖,←,←,←,↖,↖,↖,←,↖,←,←,←,←,←,←,←,←,←,←,←,←,←,←,↖,←,↖,←,←
H,↑,↑,↑,↑,↑,↑,↑,↑,↑,↑,↖,↖,↑,↑,↖,↑,↑,↑,↑,↑,↑,↖,↑,↖,↖,↑,↖,↖,↑,↑,↖,↑,↑,↖,↖,↖,←,↖,↖,↖,↑,↑,↑,↑,↖,↖,↖,↖,↖,↖,↖,↖,↖,↖,↖,↖,↖,↖,↖,↖,↖,↖,↖,↖,↖,↖,←,↖,↖,↖,←,↖,↖,↖,↖,↖,←,↖,←,↖,↖,↖,↖,←,←,←,←,←,←,↖,↖,↖,↖,↖,↖,↖,↖,↖,↖,↖,←,←,↖,←,←,↖,↖,↖,↖,←,↖,↖,↖,↖,↖,←,↖,↖,↖,←,↖,↖,←,←,←,←,←,←,←,←,←,←,←,←,↖,←,←,←,←,←,←,←,←,←,←,←,←,←,←,←,←,←,←,↖,↖,↖,←,←,←,←,↖,↖,↖,↖,←,←,←,←,←,←,←,←,↖,↖,↖,↖,←,←,←,←,←,↖,←,↖,←,←,↖,↖,↖,←,↖,↖,←,←,←,↖,↖,↖,←,↖,←,←,←,←,←,←,←,←,←,←,←,←,←,←,↖,↖,↖,←,←
M,↑,↑,↑,↑,↑,↑,↑,↑,↑,↑,↑,↖,↖,↑,↖,↑,↖,↑,↖,↖,↑,↑,↑,↑,↖,↖,↑,↑,↖,↑,↖,↖,↑,↑,↑,↖,↖,←,↑,↖,↖,↖,↖,↑,↑,↖,↖,↖,↖,←,↖,↖,↖,←,↖,←,↖,↖,↖,←,←,↖,←,↖,↖,↖,←,←,↖,↖,←,←,←,←,←,↖,←,←,←,←,↖,←,←,↖,←,←,←,←,←,←,↖,↖,↖,↖,↖,↖,↖,←,←,←,↖,↖,←,←,←,←,↖,↖,↖,↖,↖,↖,↑,↖,↖,↖,←,←,←,↖,←,←,↖,←,↖,←,↖,←,↖,←,←,←,←,↖,←,↖,←,←,←,←,←,←,↖,←,←,←,←,←,←,←,←,←,←,←,↖,←,←,←,←,←,←,←,↖,↖,←,←,↖,←,←,←,←,←,↖,↖,←,←,↖,↖,↖,↖,↖,←,↖,←,←,↖,←,←,←,←,←,↖,←,←,←,←,←,←,↖,←,←,←,←,←,←,←,←,←,←,←,←,←,↖,↖,←,←,←,↖,←
F,↑,↑,↑,↑,↑,↖,↑,↑,↑,↑,↑,↑,↖,↑,↑,↑,↑,↖,↑,↖,↑,↑,↑,↑,↑,↖,↖,↑,↑,↑,↑,↖,↖,↑,↑,↑,↖,↖,←,↑,↖,↖,↖,↑,↑,↑,↖,↖,↖,↖,↖,↖,↑,↖,↖,↖,↖,↖,↖,↖,↖,↖,←,←,↖,↖,↖,←,↖,↖,↖,←,←,←,←,↖,↖,↖,←,←,←,←,←,←,←,↖,←,←,←,←,←,←,↖,←,↖,↖,↖,←,←,←,←,←,↖,↖,←,↖,←,↖,↖,↖,←,↖,↖,←,↖,↖,↖,←,←,↖,↖,↖,←,↖,↖,↖,↖,←,↖,←,↖,↖,←,←,←,←,←,←,↖,←,←,↖,↖,←,←,←,←,↖,←,←,←,←,←,←,←,←,←,←,←,←,←,←,↖,←,↖,←,↖,↖,←,←,←,←,←,←,←,←,←,↖,↖,↖,↖,←,↖,←,←,↖,←,←,←,←,←,←,↖,↖,←,←,←,←,↖,←,←,←,↖,↖,←,←,←,←,←,←,←,←,←,←,←,←,←,←,↖
T,↑,↑,↑,↑,↑,↑,↑,↑,↑,↑,↖,↑,↖,↖,↖,↑,↑,↖,↑,↑,↑,↑,↑,↑,↑,↖,↖,↖,↖,↑,↑,↑,↖,↖,↖,↑,↑,↑,↖,↖,↑,↖,↖,↑,↑,↖,↑,↖,↖,↖,↖,↖,↖,↖,↖,↖,↖,↖,↖,↖,↖,↖,↖,↖,←,↖,↖,↖,↖,↖,↖,↖,↖,←,←,←,↖,↖,↖,↖,↖,↖,↖,←,↖,←,↖,↖,↖,↖,↖,↖,←,↖,↖,↖,↖,↖,↖,↖,←,←,←,←,←,←,←,↖,↖,←,↖,←,←,↖,↖,↖,↖,↖,↖,←,↖,←,↖,←,↖,↖,←,←,←,↖,←,←,↖,←,←,←,←,←,←,↖,↖,←,←,←,↖,←,↖,←,↖,↖,↖,←,←,←,←,←,←,←,←,←,←,←,←,←,↖,←,←,←,↖,←,↖,↖,←,←,↖,←,←,←,←,←,←,↖,←,←,←,←,←,←,←,←,↖,←,←,←,↖,←,←,←,←,←,↖,↖,←,↖,↖,↖,↖,←,←,←,←,←,←,←,←,←,←,←,←
V,↑,↑,↑,↑,↖,↑,↑,↑,↑,↑,↑,↑,↖,↑,↑,↖,↑,↑,↖,↖,↖,↑,↑,↑,↑,↑,↖,↖,↖,↑,↑,↖,↑,↖,↑,↑,↖,↑,↑,↖,←,↖,↖,↖,↑,↖,↑,↖,↖,↖,←,↖,↖,↖,↖,↖,↖,←,↖,←,↖,↖,←,↖,↖,↖,↖,←,↖,↖,↖,↖,↖,←,←,↖,←,←,←,↖,↖,←,←,↖,←,↖,←,↖,↖,←,←,←,↖,↖,↖,↖,↖,←,←,↖,←,↖,←,←,←,←,←,←,←,←,↖,↖,←,←,←,←,↖,↖,↖,↖,←,←,↖,←,↖,↖,↖,←,←,←,↖,←,←,↖,←,↖,←,←,↖,←,←,←,←,←,←,←,←,←,←,↖,↖,↖,↖,←,←,←,←,←,←,↖,←,←,←,←,←,←,←,←,↖,↖,↖,↖,←,←,←,↖,↖,←,←,←,←,←,←,←,↖,←,←,←,←,←,←,↖,↖,↖,←,←,↖,↖,↖,←,←,←,←,←,←,←,↖,←,←,←,←,←,↖,←,←,←,←,←,←
G,↑,↑,↑,↑,↑,↑,↖,↑,↑,↑,↖,↑,↑,↖,↑,↖,↑,↑,↑,↑,↑,↖,↑,↑,↑,↑,↖,↖,↖,↑,↑,↑,↖,↖,↖,↑,↑,↑,↖,↑,↖,↖,↖,↖,↑,↖,↑,↑,↖,↖,↖,↖,↖,↖,↖,↖,↖,↖,←,↖,↖,←,↖,←,←,↖,↖,↖,←,↖,←,↖,←,↖,↖,←,↖,←,←,←,↖,↖,↖,←,↖,←,←,←,←,↖,↖,↖,←,←,←,↖,↖,↖,↖,↖,↖,←,←,←,↖,←,↖,←,↖,←,←,←,↖,↖,↖,←,↖,↖,←,←,↖,←,↖,↖,←,←,←,↖,←,←,←,↖,↖,←,↖,←,↖,↖,←,←,←,←,←,↖,←,←,←,←,←,←,←,←,←,↖,←,←,←,←,↖,←,↖,←,←,←,←,←,←,←,←,←,↖,←,↖,↖,↖,↖,←,↖,↖,↖,↖,↖,←,←,←,←,↖,↖,↖,←,←,←,←,←,←,←,←,←,←,←,←,←,←,←,←,←,←,↖,↖,↖,←,←,←,←,←,←,←,←,←
M,↑,↑,↑,↑,↑,↑,↑,↑,↑,↑,↑,↖,↑,↑,↖,↑,↖,↑,↖,↖,↑,↖,↑,↑,↖,↑,↖,↖,↑,↖,↖,↖,↑,↖,↖,↖,↑,↖,↑,↑,↖,↖,←,↖,↖,↑,↑,↑,↖,↖,↖,↖,↖,↖,↖,←,↖,↖,↖,←,↖,↖,←,↖,↖,↖,←,←,↖,↖,↖,←,↖,←,←,↖,←,←,←,←,↖,←,↖,↖,←,←,←,←,←,←,←,←,←,↖,↖,↖,↖,←,↖,↖,←,↖,←,←,←,↖,←,↖,←,↖,↖,↖,←,↖,↖,↖,←,←,↖,↖,←,←,←,←,↖,←,↖,←,↖,←,←,←,↖,↖,←,↖,←,←,↖,←,←,↖,↖,←,↖,↖,←,←,↖,←,←,↖,↖,←,↖,←,←,←,←,←,←,←,←,←,←,←,←,←,←,←,←,←,←,↖,←,←,↖,↖,↖,↖,↖,←,↖,←,←,↖,←,←,←,↖,←,↖,←,←,←,←,←,←,←,←,←,←,←,←,←,←,←,←,←,←,←,←,←,↖,←,←,←,↖,←
D,↑,↑,↑,↑,↑,↑,↑,↑,↑,↑,↑,↑,↖,↑,↖,↖,↑,↖,↑,↑,↑,↖,↑,↖,↑,↑,↖,↖,↑,↑,↖,↑,↑,↖,↖,←,↑,↑,↖,↑,↑,↖,↖,←,↖,↖,↑,↑,↑,↖,↖,↖,↖,↖,↑,↖,←,↑,↖,↖,↖,↖,↖,↖,↖,↖,↖,↖,←,↖,↖,↖,←,↖,↖,←,↖,←,↖,←,←,↖,↖,↖,↖,←,←,←,←,←,←,↖,←,←,←,←,←,↖,↖,↖,←,←,↖,←,←,←,↖,↖,↖,←,↖,←,↖,↖,↖,←,↖,↖,↖,↖,↖,↖,←,↖,←,↖,←,↖,←,←,←,←,↖,←,↖,←,↖,↖,←,↖,↖,←,←,↖,←,←,↖,←,←,←,←,←,←,↖,←,↖,↖,↖,←,←,↖,↖,←,↖,←,←,←,←,←,←,←,←,←,←,←,←,←,←,↖,↖,↖,↖,←,↖,←,←,←,←,↖,←,↖,←,↖,↖,↖,↖,←,←,←,←,←,←,←,←,↖,←,←,←,←,←,↖,←,←,←,←,←,←,←,←
L,↑,↖,↑,↖,↑,↑,↑,↑,↑,↑,↑,↑,↖,↑,↖,↖,↖,↑,↖,↖,↖,↑,↑,↑,↖,↑,↑,↑,↑,↑,↖,↖,↑,↑,↖,↖,↖,↑,↑,↑,↖,↖,↖,↖,←,↖,↑,↑,↑,↖,↖,↖,↖,↖,↖,↑,↖,↖,↖,↖,↖,↖,↖,↖,↖,↖,←,←,↖,←,↖,←,↖,←,↖,↖,←,←,←,←,↖,←,↖,↖,←,↖,←,↖,↖,←,←,←,←,↖,↖,↖,↖,←,←,←,←,←,←,↖,←,↖,←,↖,←,←,↖,↖,←,←,←,↖,←,←,←,↖,←,↖,↖,←,↖,←,↖,←,↖,←,←,←,←,↖,←,↖,←,←,←,←,↖,↖,↖,←,←,←,←,↖,↖,←,←,↖,↖,←,↖,←,←,←,↖,↖,←,←,←,←,←,←,↖,←,←,←,←,←,↖,←,←,←,←,↖,↖,↖,↖,←,↖,←,←,↖,←,←,←,←,←,↖,↖,↖,←,←,↖,←,↖,←,←,←,←,←,←,←,←,←,←,←,←,←,←,↖,←,←,←,↖,←
K,↑,↑,↑,↑,↑,↑,↑,↑,↑,↑,↑,↑,↑,↑,↖,↖,↑,↖,↑,↑,↑,↖,↑,↑,↑,↖,↖,↖,↑,↖,↑,↖,↖,↑,↖,↖,↖,↖,↑,↑,↑,↑,↖,↖,↖,←,↑,↑,↑,↑,↖,↖,↖,↖,↖,↖,↑,↖,↖,↖,↖,↖,↖,↖,↖,↖,↖,↖,←,↖,←,↖,↖,↖,↖,↑,↖,←,↖,↖,←,←,←,←,↖,←,↖,↖,↖,↖,↖,↖,←,←,←,←,←,←,↖,↖,←,←,↖,←,↖,↖,←,↖,↖,←,↖,←,↖,↖,↖,←,↖,←,↖,←,↖,↖,←,↖,↖,↖,←,↖,←,↖,←,←,↖,←,↖,←,↖,←,←,↖,↖,←,↖,↖,↖,←,↖,←,↖,↖,↖,←,←,↖,←,↖,←,←,←,←,←,↖,←,↖,←,←,←,←,←,←,↖,←,←,←,↖,↖,←,←,←,←,←,↖,←,↖,←,←,↖,↖,←,←,↖,←,↖,↖,↖,↖,↖,↖,←,↖,←,←,←,←,←,←,←,←,←,←,←,←,←,←,←,↖,←,←,←
T,↑,↑,↑,↑,↑,↑,↑,↑,↑,↑,↑,↑,↑,↑,↖,↖,↑,↖,↖,↑,↖,↑,↖,↑,↑,↖,↑,↖,↑,↖,↑,↖,↖,↑,↖,↖,↖,↖,↖,↑,↑,↑,↖,↖,↖,↖,←,↑,↑,↑,↖,↖,↖,↖,↖,↖,↖,↖,↖,←,↖,↖,↖,↖,↖,↖,↖,↖,↖,↖,↖,←,↖,↖,↖,↖,↖,↖,↖,↖,↖,↖,↖,←,↖,↖,←,↖,↖,↖,↖,↖,←,←,←,←,←,←,↖,↖,←,←,←,←,←,↖,←,↖,←,←,↖,←,←,←,←,←,←,↖,↖,↖,↖,↖,↖,←,↖,↖,←,←,↖,↖,↖,←,↖,←,←,←,←,↖,↖,↖,↖,←,←,↖,↖,↖,↖,←,↖,↖,↖,←,←,←,←,←,↖,↖,↖,←,↖,←,←,←,↖,←,←,←,←,←,←,←,←,←,↖,←,←,←,←,←,←,←,←,←,↖,←,↖,↖,←,←,↖,←,←,←,↖,←,←,↖,↖,↖,↖,↖,←,←,←,←,←,←,←,←,←,←,←,←,←,←,←,←,←
T,↑,↑,↑,↑,↑,↑,↑,↑,↑,↑,↑,↑,↑,↑,↖,↖,↑,↖,↖,↖,↖,↑,↖,↖,↑,↖,↖,↖,↖,↖,↑,↖,↖,↑,↖,↖,↖,↖,↖,↑,↑,↑,↖,↖,↖,↖,↖,↖,↑,↑,↖,↖,↖,↖,↖,↖,↖,↖,↖,↖,↖,↖,↖,↖,↖,↖,↖,↖,↖,↖,↖,↖,↖,↖,↖,↖,↖,↖,↖,↖,↖,↖,↖,←,↖,←,←,↖,↖,↖,↖,↖,←,↖,↖,↖,↖,↖,↖,↖,←,←,←,←,←,←,↖,↖,←,←,↖,←,←,←,←,←,←,←,↖,↖,↖,←,↖,↖,↖,↖,↖,←,←,↖,↖,↖,↖,↖,←,↖,↖,←,↖,↖,↖,←,←,←,←,↖,↖,←,↖,↖,↖,←,←,←,←,←,←,←,↖,↖,↖,←,←,←,↖,←,←,←,←,←,←,←,←,←,↖,←,←,←,←,←,←,←,←,←,←,←,←,←,←,←,↖,←,←,←,↖,↖,↖,↖,↖,↖,↖,↖,←,←,←,←,←,←,←,←,←,←,←,←,←,←,←,←,←
V,↑,↑,↑,↑,↖,↑,↑,↑,↑,↑,↑,↑,↖,↑,↑,↖,↖,↑,↖,↖,↖,↑,↖,↑,↖,↑,↑,↑,↑,↖,↑,↖,↑,↑,↑,↑,↖,↖,↖,↖,↖,↖,↑,↖,↖,↖,↖,↖,←,↖,↖,↖,↖,↖,↖,↖,↖,↖,↖,←,↖,↖,↖,↖,↖,↖,↖,←,↖,↖,↖,←,↖,←,↖,↖,↖,↖,↑,↖,↖,←,↖,↖,←,↖,←,↖,↖,↖,↖,↖,↖,↖,↖,↖,↖,←,←,↖,←,↖,←,←,←,←,←,←,←,←,↖,↖,←,←,←,←,←,←,←,←,←,←,←,↖,↖,↖,↖,←,←,←,↖,←,↖,↖,←,↖,←,←,↖,←,↖,↖,←,←,←,↖,←,↖,↖,←,↖,↖,↖,←,←,←,←,←,←,↖,←,←,←,←,←,↖,↖,←,↖,←,←,↖,←,←,←,←,↖,←,←,←,←,←,←,←,↖,←,←,←,←,←,←,↖,↖,↖,←,↖,↖,↖,↖,←,↖,↖,↖,↖,←,←,↖,←,←,←,←,←,↖,←,←,←,←,←,←
F,↑,↑,↑,↑,↑,↖,↑,↑,↑,↑,↑,↑,↑,↑,↑,↑,↖,↑,↖,↖,↖,↖,↑,↑,↖,↑,↑,↑,↑,↑,↑,↖,↖,↑,↑,↑,↑,↖,↖,↑,↖,↑,↑,↑,↖,↖,↖,↑,↖,↑,↖,↖,↖,↑,↖,↖,↖,↖,↖,↖,↖,↖,←,←,↖,↖,↖,↖,↖,↖,↖,↖,↖,↖,←,↖,↖,↖,←,←,↖,↖,↖,↖,↖,↖,←,←,←,←,←,←,↖,←,↖,↖,↖,←,←,←,←,←,↖,↖,←,↖,←,↖,←,↖,←,↖,↖,←,←,←,←,←,←,←,←,←,←,←,←,↖,↖,↖,↖,←,←,↖,←,←,←,↖,←,←,←,↖,↖,↖,↖,←,←,←,←,↖,←,←,←,←,↖,←,↖,←,←,←,←,↖,←,←,↖,←,←,←,←,↖,←,←,←,←,←,←,←,←,←,↖,↖,↖,↖,←,↖,←,←,↖,←,←,←,←,←,←,↖,↖,←,←,←,←,↖,↖,↖,↖,↖,↖,←,←,←,←,←,←,←,←,←,←,↖,←,←,←,↖
F,↑,↑,↑,↑,↑,↖,↑,↑,↑,↑,↑,↑,↑,↑,↑,↑,↖,↑,↖,↖,↖,↖,↖,↑,↖,↑,↑,↑,↑,↑,↑,↖,↖,↑,↑,↑,↑,↖,↖,↑,↖,↖,↑,↑,↖,↖,↖,↖,↖,↖,↖,↖,↖,↑,↖,↖,↖,↖,↖,↖,↖,↖,↖,↖,↖,↖,↖,↖,↖,↖,↖,↖,↖,↖,↖,↖,↖,↖,↖,↖,↖,↖,↖,↖,↖,↖,↖,↖,↖,←,←,←,↖,↖,↖,↖,↖,←,←,←,←,←,←,↖,←,↖,←,↖,←,↖,↖,↖,↖,↖,↖,↖,←,←,←,↖,←,←,←,←,←,←,←,←,↖,↖,↖,↖,↖,↖,←,↖,←,←,←,←,←,↖,↖,↖,↖,↖,←,↖,←,←,←,←,←,↖,↖,←,←,←,←,↖,←,←,↖,←,←,←,↖,↖,↖,↖,←,←,↖,←,←,←,←,↖,↖,↖,↖,←,↖,←,←,↖,←,←,←,←,←,←,↖,↖,←,←,←,←,↖,←,←,↖,↖,↖,←,↖,↖,←,←,←,←,←,↖,↖,↖,←,←,←,↖
S,↑,↑,↑,↑,↑,↑,↑,↑,↑,↑,↑,↑,↑,↖,↑,↖,↑,↖,↑,↑,↑,↖,↖,↖,↑,↖,↖,↖,↖,↖,↑,↑,↖,↑,↖,↖,↑,↑,↖,↖,↑,↑,↖,↖,↖,↖,↑,↖,↖,↑,↖,↑,↖,↖,↑,↖,↖,↖,↑,↖,↖,↖,↖,↖,←,↖,↖,↖,↖,↖,↖,↖,↖,↖,↖,←,↖,↖,↖,↖,↖,↖,↖,←,↖,←,↖,↖,↖,↖,↖,↖,←,←,↖,↖,↖,↖,↖,↖,←,←,←,←,←,←,←,←,←,←,↖,←,←,↖,↖,←,↖,←,↖,←,↖,←,↖,←,↖,↖,←,←,←,↖,←,↖,↖,↖,↖,←,↖,←,←,↖,↖,←,←,↖,↖,←,↖,←,↖,↖,↖,←,←,←,↖,↖,←,←,↖,←,↖,←,←,←,↖,←,←,←,↖,←,↖,←,←,←,↖,←,←,←,←,←,←,↖,←,←,←,←,←,←,←,←,←,←,←,←,←,←,←,←,←,←,←,←,←,↑,↖,←,↖,↖,↖,↖,↖,←,←,↖,↖,↖,←,←,←
S,↑,↑,↑,↑,↑,↑,↑,↑,↑,↑,↑,↑,↑,↖,↑,↖,↑,↖,↖,↑,↑,↖,↖,↖,↑,↖,↖,↖,↖,↖,↑,↑,↖,↖,↖,↖,↑,↑,↖,↖,↖,↑,↖,↖,↖,↖,↑,↖,↖,↖,↖,↑,↖,↖,↖,↖,↖,↖,↖,↖,↖,←,↖,↖,↖,↖,↖,↖,↖,↖,↖,↖,↖,↖,↖,←,↖,↖,↖,↖,↖,↖,↖,↖,↖,↖,←,↖,↖,↖,↖,↖,←,←,←,↖,↖,↖,↖,↖,←,←,←,←,←,←,←,←,←,←,←,←,←,←,←,↖,↖,↖,↖,←,↖,←,↖,←,↖,↖,←,←,←,↖,←,←,↖,↖,↖,↖,↖,↖,←,↖,↖,←,←,←,←,←,↖,↖,↖,↖,↖,←,←,←,←,←,↖,↖,↖,←,↖,←,←,←,↖,←,←,←,←,←,↖,↖,←,←,↖,↖,←,←,←,←,←,↖,←,←,←,←,←,←,←,←,↖,←,←,←,↖,←,←,←,←,←,↖,↖,←,←,↖,↖,↖,↖,↖,↖,↖,←,←,←,←,↖,↖,←,←
V,↑,↑,↑,↑,↖,↑,↑,↑,↑,↑,↑,↑,↖,↑,↑,↑,↖,↑,↖,↖,↖,↑,↑,↖,↖,↑,↑,↖,↑,↖,↖,↖,↑,↑,↑,↑,↖,↑,↑,↖,↖,↖,↑,↑,↖,↖,↑,↖,↖,↖,↖,↑,↖,↖,↖,↖,↖,↖,↖,↑,↑,↖,←,↑,↖,↖,↖,←,↖,↖,↖,←,↖,↖,↖,↖,←,↖,↖,↑,↖,←,←,↖,↖,↖,←,↖,↖,↖,↖,↖,↖,↖,↖,↖,↖,←,↖,↖,↖,↖,←,←,←,←,←,←,←,←,←,↖,←,←,←,←,↖,↖,↖,↖,←,←,←,←,←,←,↖,←,←,←,↖,←,←,↖,↖,↖,↖,↖,↖,←,←,↖,←,←,←,↖,←,←,↖,←,↖,↖,↖,←,←,←,←,←,←,↖,←,←,↖,←,↖,←,↖,←,↖,←,←,↖,←,↖,←,↖,↖,←,←,←,←,←,↖,←,↖,←,←,←,←,←,←,←,←,←,←,←,←,←,←,←,←,←,←,←,←,↑,↖,←,←,←,←,←,↖,←,←,←,←,↖,←
T,↑,↑,↑,↑,↑,↑,↑,↑,↑,↑,↑,↑,↑,↑,↖,↑,↑,↑,↑,↖,↑,↖,↑,↖,↖,↖,↑,↖,↖,↖,↑,↑,↑,↑,↖,↑,↑,↑,↑,↑,↖,↖,↖,↑,↖,↖,↑,↑,↖,↑,↖,↖,↑,↑,↖,↖,↑,↖,↖,↖,↑,↑,↖,↖,↖,↖,↖,↖,↖,↖,↖,↖,↖,↖,↖,↖,↖,←,←,↖,↑,↖,↖,←,↖,↖,↖,↖,↖,↖,↖,↖,←,↖,↖,↖,↖,↖,↖,↖,↖,↖,↖,↖,←,↖,←,↖,←,←,↖,←,←,←,←,←,←,←,←,↖,↖,←,↖,←,↖,↖,←,↖,↖,↖,←,←,←,←,←,↖,↖,↖,↖,↖,↖,←,↖,←,↖,←,↖,←,←,↖,↖,←,↖,↖,←,←,←,←,↖,←,↖,←,←,←,↖,←,←,←,←,←,↖,↖,↖,↖,↖,←,←,←,←,←,←,↖,←,←,←,↖,↖,↖,←,←,↖,←,←,←,↖,←,←,←,←,←,↖,↖,←,←,←,←,←,↖,↖,↖,↖,↖,↖,↖,←,↖,←,↖,↖
M,↑,↑,↑,↑,↑,↑,↑,↑,↑,↑,↑,↖,↑,↑,↑,↖,↖,↑,↖,↖,↖,↑,↖,↑,↖,↑,↖,↑,↖,↑,↖,↖,↑,↑,↑,↖,↑,↑,↑,↑,↖,↖,↖,↖,↖,↖,↖,↑,↖,↖,↖,↖,↖,↑,↖,↖,↖,↖,↖,↖,↖,↖,↑,↖,↖,↖,↖,↖,↖,↖,↖,↖,↖,↖,↖,↖,←,↖,←,←,↖,↑,↖,↖,←,↖,←,↖,↖,←,↖,↖,↖,↖,↖,↖,↖,←,←,↖,↖,↖,↖,↖,←,↖,←,↖,↖,↖,↖,↖,←,←,←,↖,←,←,←,↖,←,↖,↖,←,↖,←,↖,←,↖,←,↖,←,←,↖,←,↖,←,↖,↖,←,↖,↖,↖,←,↖,↖,←,←,↖,←,↖,↖,↖,↖,↖,←,←,←,←,←,←,↖,↖,↖,←,↖,↖,←,←,←,←,↖,↖,↖,←,↖,↖,↖,↖,↖,↖,←,↖,←,←,↖,←,←,←,↖,←,↖,←,←,←,←,←,←,←,←,←,←,←,←,←,←,←,←,↖,↖,←,↖,↖,↖,↖,↖,←,↖,←
I,↑,↑,↑,↑,↑,↑,↑,↑,↑,↑,↑,↑,↑,↑,↑,↖,↑,↑,↑,↖,↖,↖,↖,↑,↑,↖,↑,↖,↑,↖,↑,↖,↑,↑,↑,↑,↖,↑,↑,↑,↖,↖,↖,↖,↖,↖,↖,↖,↑,↖,↖,↖,↖,↖,↑,↖,↖,↖,↖,↖,↑,↖,↑,↑,↖,↖,↖,↖,↖,↖,↖,←,←,↖,←,↑,↖,↖,↖,←,↖,↖,↑,↖,↖,↖,↖,↖,↖,←,←,↖,↖,↖,↖,↖,↖,←,←,←,←,↖,↖,↖,↖,↖,←,↖,←,↖,↖,↖,←,←,←,↖,←,←,←,↖,←,←,↖,←,↖,←,↖,←,↖,↖,↖,↖,←,↖,←,↖,←,←,↖,←,←,↖,↖,←,←,↖,←,←,↖,←,←,↖,↖,←,↖,↖,↖,↖,↖,↖,←,←,←,←,←,←,←,↖,↖,←,←,↖,←,↖,←,←,↖,↖,↖,↖,↖,←,↖,←,↖,←,←,←,←,↖,←,←,↖,↖,←,←,←,←,↖,←,←,←,←,←,←,←,←,←,←,←,←,←,↖,↖,←,←,←,↖,↖
I,↑,↑,↑,↑,↑,↑,↑,↑,↑,↑,↑,↑,↑,↑,↑,↖,↑,↑,↑,↖,↖,↖,↖,↑,↑,↖,↑,↖,↖,↖,↑,↖,↑,↑,↑,↑,↖,↑,↑,↑,↖,↖,↖,↖,↖,↖,↖,↖,↑,↖,↖,↖,↖,↖,↖,↖,↖,↖,↖,↖,↖,↖,↖,↑,↖,↖,↖,↖,↖,↖,↖,←,↖,←,←,↖,↖,↖,←,←,↖,↖,↖,↖,↖,↖,↖,↖,↖,↖,↖,↖,↖,↖,↖,↖,↖,←,←,←,←,↖,←,←,←,↖,↖,↖,←,←,↖,↖,↖,←,←,↖,←,←,←,↖,←,←,←,←,←,←,↖,←,↖,←,↖,↖,←,↖,←,↖,←,←,↖,↖,↖,↖,↖,←,←,↖,←,↖,↖,←,←,↖,↖,←,↖,←,↖,↖,↖,↖,←,←,↖,←,↖,←,↖,←,↖,←,←,↖,←,↖,←,←,↖,↖,↖,↖,↖,←,↖,←,↖,↖,←,←,←,↖,←,←,←,↖,←,←,←,←,↖,←,←,←,←,←,←,←,←,←,←,←,←,←,↖,↖,←,←,←,↖,↖
G,↑,↑,↑,↑,↑,↑,↖,↑,↑,↑,↖,↑,↑,↖,↑,↖,↑,↑,↑,↑,↑,↖,↖,↖,↑,↖,↑,↖,↖,↖,↑,↑,↖,↑,↖,↑,↑,↑,↑,↑,↑,↑,↖,↖,↖,↖,↖,↑,↑,↑,↑,↖,↖,↑,↑,↖,↑,↖,↑,↖,↖,←,↖,↖,↖,↑,↖,↖,↖,↖,↑,↖,←,←,←,←,←,↑,↖,←,←,↖,↖,←,↖,↖,↖,←,↖,↖,↖,↖,←,←,↖,↖,↖,↖,↖,↖,↖,←,←,←,↖,←,↖,←,↖,←,←,←,↖,↖,↖,←,↖,↖,←,←,←,←,←,↖,←,←,←,←,←,←,←,↖,↖,←,↖,←,↖,↖,←,←,←,←,↑,↖,←,←,←,←,←,←,←,←,↖,↖,←,←,←,←,↖,←,↖,←,←,←,←,←,←,←,←,↖,↖,←,↖,↖,↖,↖,←,←,↖,↖,↖,↖,←,←,←,←,↖,↖,↖,←,←,←,←,←,←,↖,←,↖,←,↖,←,←,←,←,←,←,↖,↖,↖,↖,←,←,←,←,←,←,←,←,←
V,↑,↑,↑,↑,↖,↑,↑,↑,↑,↑,↑,↑,↖,↑,↖,↖,↑,↑,↑,↑,↑,↖,↖,↖,↑,↑,↖,↑,↑,↖,↑,↑,↑,↖,↑,↑,↑,↑,↑,↖,↑,↖,↖,↖,↖,↖,↖,↖,↑,↑,↑,↖,↖,↖,↖,↑,↖,↖,↖,↑,↖,↖,←,↖,↖,↑,↖,↖,↖,↖,↖,↑,↖,←,←,↖,←,←,↑,↖,↖,←,↖,↖,←,↖,↖,↖,↖,↖,↖,↖,↖,↖,↖,↖,↖,↖,↖,↖,←,↖,←,←,←,←,←,↖,←,↖,↖,↖,←,←,←,←,←,←,↖,↖,←,←,←,←,←,←,↖,←,←,←,←,←,←,↖,←,↖,←,←,↖,←,←,←,←,↑,↖,↖,←,←,↖,←,←,↖,↖,←,↖,←,←,←,←,↖,←,↖,↖,←,↖,←,↖,←,↖,←,←,↖,←,←,←,←,↖,←,←,←,←,←,↖,←,↖,←,←,←,←,↖,←,←,←,←,←,←,←,←,←,←,←,←,←,←,←,←,←,←,↖,↖,↖,↖,↖,←,←,←,←,←,←
P,↑,↑,↑,↑,↑,↑,↑,↑,↑,↑,↑,↑,↑,↑,↑,↖,↑,↑,↑,↑,↑,↖,↑,↖,↖,↑,↖,↖,↑,↑,↖,↑,↑,↖,↖,↑,↑,↑,↑,↑,↑,↑,↖,↖,↖,↖,↖,↑,↑,↑,↑,↑,↑,↖,↖,↖,↑,↑,↑,↑,↖,↖,↖,↖,↖,↖,↑,↖,←,↖,↑,↖,↑,↖,←,←,←,←,↖,←,↖,↖,↖,↖,↖,←,↖,↖,↖,↖,↖,←,←,↖,↖,↖,↖,↖,↖,↖,←,↑,↖,↖,←,↖,←,↖,↖,←,↖,↖,↖,↖,↖,←,←,←,←,←,←,←,←,←,←,←,←,↖,←,↖,←,←,↖,←,↖,←,↖,←,↑,↖,↖,←,←,←,↑,↖,↖,←,←,↖,↖,←,←,←,←,↖,↖,↖,←,←,←,←,←,←,←,↖,←,←,←,←,←,←,←,←,↖,↖,←,↖,↖,↖,↖,↖,←,↖,←,←,←,←,←,←,↖,←,←,←,↖,↖,←,←,←,←,↖,↖,←,←,↖,↖,←,←,←,←,←,↖,←,←,←,←,←,←,←
T,↑,↑,↑,↑,↑,↑,↑,↑,↑,↑,↑,↑,↑,↑,↖,↖,↑,↖,↑,↑,↑,↖,↖,↖,↖,↖,↖,↑,↖,↖,↖,↖,↑,↖,↖,↖,↑,↑,↑,↑,↑,↑,↖,↖,↖,↖,↖,↖,↑,↑,↑,↑,↖,↖,↖,↑,↖,↖,↑,↑,↖,↖,↖,↖,←,↖,↑,↑,↖,↖,↖,↖,↖,↑,↖,↖,↖,←,←,↖,↖,↖,↖,←,↖,↖,←,↖,↖,↖,↖,↖,←,←,←,↖,↖,↖,↖,↖,↖,↖,←,↖,←,↖,←,↖,←,←,↖,←,←,↖,↖,↖,↖,←,↖,←,↖,←,↖,←,↖,↖,←,←,↖,↖,←,←,←,←,←,←,←,←,↖,↖,↖,←,←,←,←,↖,↖,↖,↖,↖,↖,←,←,←,←,←,↖,↖,↖,←,↖,←,←,←,↖,←,↖,←,↖,←,↖,↖,←,←,↖,←,←,←,←,←,←,←,←,←,↖,←,↖,↖,←,←,↖,←,←,←,↖,←,←,←,←,←,↖,↖,←,←,←,←,↖,←,←,←,←,←,↖,↖,←,↖,←,↖,←
G,↑,↑,↑,↑,↑,↑,↖,↑,↑,↑,↖,↑,↑,↖,↑,↖,↑,↑,↑,↑,↑,↑,↖,↑,↑,↖,↖,↑,↖,↖,↑,↖,↖,↖,↖,↖,↑,↑,↑,↑,↑,↑,↑,↖,↖,↖,↖,↖,↑,↑,↑,↑,↑,↑,↖,↑,↑,↖,↑,↖,↖,↑,↖,↖,↖,←,↖,↑,↑,↖,←,↖,←,↑,↖,↖,↖,←,←,←,←,↖,↖,↖,↖,↖,↖,←,↖,↖,↖,↖,↖,↖,↖,↖,↖,↖,↖,↖,↖,←,←,←,↖,←,↖,←,↖,←,←,←,←,←,←,↖,↖,↖,←,←,←,←,←,↖,←,←,←,←,←,←,←,←,↖,←,←,←,↖,↖,←,←,←,↖,↖,↖,←,←,←,↖,↖,↖,↖,←,←,↖,←,←,←,←,↖,←,↖,↖,←,↖,↖,↖,←,↖,↖,↖,↖,←,←,←,←,↖,←,←,←,←,←,↖,←,←,←,↖,↖,↖,↖,←,←,←,←,←,←,↖,←,↖,←,↖,←,←,←,←,←,←,↖,↖,↖,↖,←,←,←,←,←,←,←,←,←
I,↑,↑,↑,↑,↑,↑,↑,↑,↑,↑,↑,↑,↑,↑,↑,↑,↖,↑,↑,↖,↖,↑,↑,↑,↖,↑,↖,↑,↑,↖,↖,↖,↑,↖,↑,↑,↖,↑,↑,↑,↖,↑,↑,↑,↖,↖,↖,↖,↖,↖,↖,↖,↖,↖,↖,↑,↖,↖,↖,↑,↑,↖,↑,↖,↖,↖,↖,↑,↖,↖,↖,←,↖,↑,↑,↖,↖,↖,←,←,↖,←,←,↖,←,↖,←,↖,↖,←,↖,↑,↖,↖,↖,↖,↖,←,↖,↑,↖,↖,←,←,↑,↖,←,↖,←,↖,↖,↖,←,←,←,←,↖,↖,↖,↖,←,←,←,←,←,←,↖,←,←,←,↖,←,←,←,←,←,←,←,↖,←,←,↖,↖,←,↖,↖,←,←,↖,←,↖,↖,↖,←,↖,←,←,←,←,↖,←,←,←,←,←,←,↖,←,↖,←,←,↖,←,↖,←,←,↖,←,←,←,←,←,←,←,↖,←,↖,↖,←,↖,←,←,←,←,←,←,←,←,←,←,←,←,←,←,←,←,←,←,↖,↖,↖,↖,↖,←,←,←,←,←,←
K,↑,↑,↑,↑,↑,↑,↑,↑,↑,↑,↑,↑,↑,↑,↑,↑,↑,↖,↑,↑,↑,↖,↑,↖,↑,↖,↖,↑,↑,↖,↖,↖,↑,↖,↖,↖,↑,↖,↑,↑,↑,↑,↑,↑,↖,↖,↑,↑,↖,↑,↑,↑,↑,↑,↖,↖,↑,↖,↑,↖,↑,↑,↖,↖,↖,↖,↖,↖,↑,↑,↑,↖,↖,↖,↖,↑,↖,↖,↖,↖,←,←,←,←,↖,←,↖,↖,↖,↖,↖,↖,↑,↖,↖,↖,↖,↖,↖,↖,↖,↑,↖,←,←,↖,↖,↖,←,←,↖,↖,↖,↖,↖,←,↖,↖,↖,↖,↖,↖,←,←,←,↖,←,↖,←,↖,←,←,↖,←,↖,←,←,←,←,↖,↖,←,←,↖,↖,↖,↖,←,←,↖,↖,←,↖,↖,←,↖,←,←,←,←,↖,↖,←,↖,←,←,←,←,←,↖,↖,←,↖,↖,↖,↖,←,↖,↖,↖,↖,↖,←,←,←,←,←,↖,↖,↑,↖,←,←,←,↖,↖,↖,←,←,←,←,←,←,←,←,←,←,←,←,↖,↖,↖,←,↖,↖,↖,←,←,←
I,↑,↑,↑,↑,↑,↑,↑,↑,↑,↑,↑,↑,↑,↑,↑,↑,↖,↑,↖,↖,↖,↑,↖,↑,↖,↑,↑,↖,↑,↖,↖,↖,↑,↑,↖,↑,↖,↖,↖,↑,↖,↑,↑,↑,↑,↖,↖,↖,↖,↖,↖,↖,↖,↖,↖,↑,↖,↖,↖,↑,↑,↖,↑,↑,↖,↖,↖,↖,↖,↖,↖,↑,↖,↑,↖,↖,↖,↖,↖,↖,↖,←,←,↖,←,↖,←,↖,↖,↖,↖,↖,↖,↖,↖,↖,↖,←,←,←,←,↖,↑,↖,←,↖,←,↖,←,←,↖,↖,←,←,↖,↖,←,←,←,↖,↖,↖,↖,←,↖,←,↖,←,←,←,↖,←,←,←,←,←,←,←,↖,←,↖,↖,←,←,←,↖,←,↖,↖,←,←,↖,↖,↖,↖,←,↖,↖,↖,↖,←,↖,↖,←,↖,←,↖,←,↖,←,←,↖,←,↖,←,←,↖,←,↖,↖,↖,←,↖,←,↖,←,←,←,←,↖,←,↖,↖,↖,←,←,←,←,↖,←,←,←,←,←,←,←,←,←,←,←,←,←,↖,←,↖,←,↖,↖,←
F,↑,↑,↑,↑,↑,↖,↑,↑,↑,↑,↑,↑,↑,↑,↑,↑,↑,↑,↑,↖,↑,↑,↑,↑,↑,↖,↑,↑,↑,↑,↑,↖,↖,↑,↑,↑,↑,↖,↖,↑,↑,↑,↑,↑,↑,↑,↖,↑,↖,↑,↖,↖,↑,↑,↖,↖,↑,↑,↑,↖,↑,↖,↑,↑,↖,↖,↖,↖,↖,↖,↑,↖,↑,↖,↑,↖,↑,↖,↖,↖,↖,↖,↖,↖,←,↖,←,←,←,←,←,←,↖,↖,↖,↖,↖,←,←,←,←,←,↖,↑,↖,↖,←,↖,↖,↖,←,←,↖,←,←,←,←,←,←,↖,↖,↖,↖,↖,↖,↖,↖,↖,↖,←,←,↖,←,←,←,←,←,←,←,←,←,←,↖,←,←,←,←,↖,↖,↖,↖,↖,↖,←,↖,↖,↖,↖,↖,↖,↖,←,↖,←,←,←,↖,↖,←,←,←,←,←,←,←,←,←,↖,↖,↖,↖,←,↖,←,↖,↖,←,←,←,←,↖,↖,↖,↖,←,←,←,←,↖,←,↖,↖,↖,↖,←,←,←,←,←,←,←,←,←,←,↖,←,←,↖,↖
T,↑,↑,↑,↑,↑,↑,↑,↑,↑,↑,↑,↑,↑,↑,↖,↖,↑,↖,↑,↑,↑,↑,↖,↖,↑,↖,↖,↖,↑,↖,↑,↑,↖,↖,↖,↑,↑,↑,↖,↑,↑,↑,↖,↖,↑,↖,↑,↖,↑,↖,↑,↖,↖,↑,↑,↖,↑,↑,↑,↖,↖,↑,↖,↖,↑,↖,↖,↖,↖,↖,↖,↖,↖,↖,↖,↑,↖,↑,↖,↖,↖,↖,↖,←,↖,←,↖,↖,↖,↖,↖,↖,←,↖,↑,↖,↖,↖,↖,↖,←,←,←,↖,↖,↖,←,↖,←,↖,↖,←,←,↖,↖,↖,↖,←,↖,←,↖,←,↖,↖,↖,↖,←,←,↖,↖,←,←,↖,←,←,←,←,←,←,↖,↖,←,←,←,↖,←,↖,←,↖,↖,↖,←,←,↖,←,↖,↖,↖,↖,↖,↖,↖,←,↖,↖,←,←,←,↖,←,↖,↖,←,←,↖,←,←,←,←,←,←,↖,←,←,←,←,↖,↖,←,←,↖,←,↖,↖,↖,←,←,←,←,←,↖,↖,←,↖,↖,↖,↖,←,←,←,←,←,←,←,←,↖,←,↖,←
W,↑,↑,↑,↑,↑,↑,↑,↑,↖,↑,↑,↑,↑,↑,↑,↑,↑,↑,↑,↑,↑,↑,↑,↑,↑,↑,↖,↑,↑,↑,↑,↑,↑,↖,↖,↖,↑,↑,↑,↖,↑,↑,↑,↑,↑,↑,↑,↑,↖,↑,↑,↖,↖,↑,↑,↑,↑,↑,↑,↑,↖,↑,↑,↖,↖,←,↖,↑,↖,↖,↖,↖,↑,↖,↑,↖,↑,↑,↑,↖,↖,↖,↖,↖,←,↖,↖,←,←,←,←,←,←,←,←,↑,↖,↖,↖,↖,↖,↖,↖,↖,↖,↑,↖,↖,↖,↖,←,↖,↖,←,↖,↖,←,↖,←,↖,←,↖,↖,↖,↖,↖,↖,←,↖,←,↖,↖,←,↖,←,↖,←,←,←,←,←,←,↖,←,←,←,←,↖,←,↖,↖,↖,↖,←,↖,←,←,↖,↖,↖,←,↖,↖,←,↖,↖,↖,↖,←,↖,←,←,←,←,←,←,←,←,←,←,←,←,←,←,←,←,←,←,←,←,←,←,←,←,↖,↖,↖,←,↖,←,←,←,↖,↖,←,←,↖,↖,↖,↖,←,←,↖,↖,↖,←,←,←,←
L,↑,↖,↑,↖,↑,↑,↑,↑,↑,↑,↑,↑,↑,↑,↑,↑,↖,↑,↖,↖,↖,↑,↑,↑,↖,↑,↑,↖,↑,↑,↖,↖,↑,↖,↖,↖,↑,↑,↑,↖,↖,↑,↑,↑,↑,↑,↑,↖,↖,↖,↑,↖,↖,↖,↖,↑,↖,↖,↖,↑,↑,↖,↑,↖,↑,↖,←,↑,↖,↖,↖,↖,↖,↖,↖,↖,↖,↑,↑,↖,↖,←,↖,↖,↖,↖,↖,↖,↖,←,←,←,←,↖,↖,↖,↖,↖,↖,↖,↖,↖,←,←,←,↖,↑,↖,←,↑,↖,↖,←,↖,↖,↖,←,←,←,↖,←,←,←,←,↖,←,↖,←,↖,←,←,↖,↖,↖,←,↖,←,←,←,←,←,←,↖,←,←,←,←,←,↖,←,↖,↖,↖,←,↖,←,←,←,↖,↖,←,←,↖,↖,↖,←,↖,←,↖,↑,↖,↖,↖,←,←,←,←,↖,↖,↖,↖,←,↖,←,←,↖,←,←,←,←,←,←,↖,↖,←,↖,↖,↖,↖,←,←,←,←,↖,←,←,←,←,←,←,←,←,↖,↖,←,←,←,↖,←
Y,↑,↑,↖,↑,↑,↑,↑,↑,↑,↑,↑,↑,↑,↑,↑,↑,↑,↑,↑,↑,↖,↑,↑,↖,↑,↖,↖,↖,↑,↑,↑,↑,↖,↖,↖,↖,↑,↖,↑,↑,↖,↑,↑,↑,↖,↑,↑,↑,↑,↖,↖,↖,↑,↖,↖,↖,↑,↖,↑,↖,↖,↖,↑,↖,↑,↑,↖,←,↑,↖,↖,←,↖,↖,↖,↑,↖,↖,↑,↖,↑,↖,↖,↑,↖,↖,↖,↑,↖,←,←,←,↖,←,←,←,←,←,↖,↖,↖,↖,↖,↖,←,↖,↖,↑,↖,↖,↑,↖,↖,←,←,←,←,←,←,↖,↖,↖,←,←,←,←,←,↖,↖,↖,↖,↖,↖,↖,↖,←,←,←,↖,←,←,↖,↖,←,←,↖,←,↖,←,←,←,←,↖,↖,↖,←,←,←,←,↖,↖,↖,↖,↖,↖,↖,↖,↖,←,←,←,↖,↖,↖,←,←,↖,↖,↖,↖,↖,←,↖,←,↖,↖,←,←,←,↖,←,↖,←,←,←,←,←,↖,↖,↖,↖,↖,↖,↖,←,←,←,←,←,←,←,←,←,←,↖,←,←,←,↖
M,↑,↑,↑,↑,↑,↑,↑,↑,↑,↑,↑,↖,↑,↑,↑,↑,↑,↑,↑,↖,↖,↑,↑,↖,↑,↖,↖,↖,↑,↑,↑,↖,↖,↖,↖,↖,↖,↑,↖,↖,↖,↖,↑,↑,↑,↖,↑,↖,↖,↖,↑,↖,↖,↖,↖,↖,↖,↖,↖,↖,↖,↑,↖,↖,↑,↑,↖,↖,↖,↖,↖,↖,↖,←,↖,↖,↖,↖,↖,↑,↖,↖,↖,↖,←,↖,↖,↖,↖,↖,↖,↖,↖,↖,↖,↖,↖,←,←,←,↖,↖,↖,↖,←,↖,←,↖,↖,↖,↖,↖,↖,↖,↖,↖,←,←,←,↖,←,←,↖,←,↖,←,↖,←,↖,←,↖,←,↖,↖,←,↖,←,←,←,←,←,←,↖,←,←,←,←,←,↖,←,←,↖,↖,↖,↖,←,←,←,←,←,←,↖,↖,↖,←,←,↖,↑,↖,←,←,↖,↖,↖,↖,↖,↖,↖,↖,↖,↖,←,↖,←,←,↖,←,←,←,←,←,↖,←,←,←,←,←,←,↖,←,↖,↖,↖,↖,←,←,←,←,←,←,←,←,↖,↖,←,↖,←,↖,←
L,↑,↖,↑,↖,↑,↑,↑,↑,↑,↑,↑,↑,↑,↑,↑,↑,↖,↑,↖,↖,↖,↑,↑,↑,↖,↑,↑,↖,↑,↑,↖,↖,↖,↖,↖,↑,↖,↑,↑,↖,↖,↖,↑,↑,↑,↑,↑,↖,↑,↖,↖,↖,↖,↖,↑,↖,↖,↑,↖,↖,↑,↑,↑,↖,↑,↖,↖,↖,↖,↖,↖,↖,↖,↖,↖,↖,↖,↖,↑,↖,↑,↖,↑,↖,↖,↖,↖,↖,↖,←,↖,↖,↖,↖,↖,↖,↖,←,←,←,←,↖,↖,↖,↖,↖,←,↖,←,↑,↖,↖,↖,↖,↖,↖,←,←,←,↖,←,←,←,←,←,←,←,←,↖,↖,↖,↖,←,↖,←,↖,↖,←,↖,←,←,↖,↖,←,←,←,←,←,←,←,←,↖,↖,←,↖,↖,←,←,↖,↖,←,←,←,←,↖,←,↖,↖,↖,↖,↖,↖,↖,↖,←,←,↖,↖,↖,↖,↖,←,↖,←,←,↖,←,←,←,←,←,←,↖,↖,←,←,←,←,↖,←,←,↖,↖,↖,↖,↖,↖,←,←,←,←,←,↖,↖,←,←,↖,↖,←
A,↑,↑,↑,↑,↑,↑,↑,↖,↑,↖,↑,↑,↑,↑,↑,↖,↑,↖,↑,↑,↑,↖,↖,↖,↑,↖,↑,↖,↑,↖,↑,↑,↖,↖,↖,↖,↑,↑,↖,↑,↑,↑,↑,↖,↑,↖,↑,↑,↑,↑,↖,↑,↑,↖,↖,↖,↖,↖,↑,↖,↖,↑,↖,↖,↑,↑,↑,↖,↑,↖,↖,↖,↖,↖,←,↖,↖,↖,↖,↖,↖,↖,↖,↑,↖,←,↖,↑,↖,↖,↖,↖,←,↖,↖,↖,↖,↖,←,←,←,←,←,↖,←,↖,←,←,←,←,↖,↖,↖,↖,↖,↖,↖,←,←,←,↖,←,↖,←,↖,←,←,←,←,←,←,←,↖,←,↖,↖,↖,↖,↖,↖,↖,←,←,↖,↖,←,←,←,←,←,←,←,←,←,←,↖,↖,↖,↖,←,↖,←,←,←,←,↖,←,↖,↖,←,↖,←,←,↖,↖,↖,←,←,↖,↖,↖,↖,←,←,←,←,↖,↖,←,←,←,←,←,←,←,←,←,←,←,←,←,←,←,←,↖,↖,↖,←,←,←,←,←,←,←,↖,↖,←,←,↖
N,↑,↑,↑,↑,↑,↑,↑,↑,↑,↑,↑,↑,↑,↑,↑,↑,↑,↖,↑,↑,↑,↖,↑,↖,↑,↖,↖,↑,↖,↑,↑,↑,↖,↖,↖,↖,↑,↑,↖,↑,↑,↑,↑,↑,↖,↑,↑,↑,↑,↑,↑,↑,↑,↑,↖,↖,↖,↖,↑,↖,↖,↑,↖,↖,↑,↑,↑,↑,↑,↑,↖,↖,↖,↖,↖,←,↑,↖,↖,↖,↖,↖,↖,↖,↖,↖,↖,↖,↑,↖,↖,↖,↖,↖,↖,↖,↖,↖,↖,↖,←,←,←,←,↖,←,↖,↖,↖,←,↖,↑,↖,↖,↖,↖,↑,↖,↖,←,←,↖,←,←,←,↖,←,↖,←,←,←,←,←,↖,↖,←,↖,↖,←,↖,↖,←,←,←,↖,↖,↖,←,←,←,←,←,←,↖,←,←,←,←,←,↖,↖,↖,←,↖,↖,←,↖,↖,↖,↖,↑,↖,←,↖,↖,↖,↖,←,←,↖,↖,↖,←,↖,←,←,↖,↖,↖,←,↖,←,←,←,↖,↖,←,↖,←,↖,←,←,←,←,←,←,←,↖,↖,↖,↖,←,←,←,←,↖,↖,←,←
S,↑,↑,↑,↑,↑,↑,↑,↑,↑,↑,↑,↑,↑,↑,↑,↑,↑,↖,↑,↑,↑,↖,↖,↑,↑,↖,↖,↖,↖,↑,↑,↑,↖,↑,↖,↖,↑,↑,↑,↖,↑,↑,↖,↑,↑,↖,↑,↑,↑,↑,↖,↑,↑,↑,↖,↖,↖,↖,↖,↖,↖,↖,↖,↑,↖,↑,↑,↖,↑,↑,↖,↖,↖,↖,↖,↖,↖,←,↖,↖,↖,↑,↖,↖,↖,↖,↖,↖,↖,↖,↖,↖,←,↖,↖,↖,↖,↖,↖,↖,←,←,←,←,←,↖,←,↖,←,←,↖,←,↖,↖,↖,↖,↖,↖,↖,↖,↖,←,↖,←,↖,↖,←,←,←,←,←,←,↖,←,←,↖,↖,↖,↖,↖,↖,←,←,←,↖,←,↖,↖,↖,↖,↖,←,←,←,←,←,←,←,←,←,↖,←,←,←,↖,←,←,←,←,↖,↖,↖,↖,↖,↖,↖,↖,↖,↖,↖,↖,↖,←,←,←,←,↖,↖,↖,←,↖,←,←,←,↖,←,←,↖,↖,↖,↖,↖,←,←,←,←,←,←,←,←,←,↖,←,←,←,↖,↖,↖,↖
N,↑,↑,↑,↑,↑,↑,↑,↑,↑,↑,↑,↑,↑,↑,↑,↑,↑,↑,↑,↑,↑,↖,↑,↖,↑,↑,↖,↑,↖,↑,↑,↑,↖,↖,↖,↖,↖,↑,↖,↑,↖,↑,↑,↑,↖,↑,↑,↑,↑,↑,↑,↑,↑,↑,↖,↑,↖,↖,↖,↖,↖,↑,↖,↖,↖,↑,↑,↑,↑,↑,↖,↖,↖,↖,↖,↖,↖,↖,↖,↖,↖,↖,↖,↖,↖,↖,↖,↖,↖,↖,↖,↖,↖,↖,↖,↖,↖,↖,↖,↖,↖,←,↖,←,↖,←,↖,↖,↖,←,↖,←,←,↑,↖,↖,↖,↖,↖,↖,↖,↖,←,←,←,↖,↖,↖,←,←,←,←,←,←,↖,←,←,↖,←,↖,↖,←,←,↖,←,←,↖,←,↖,↖,↖,←,←,↖,←,←,←,←,←,←,←,←,←,←,←,←,←,←,←,←,←,↖,↖,↖,↖,↖,↖,↖,↖,↖,↖,↖,↖,↖,←,←,↖,↖,↖,↖,↖,↖,←,←,↖,↖,←,↖,←,↖,←,←,←,←,↖,←,←,←,←,←,↖,←,←,←,←,←,↖,←,←
V,↑,↑,↑,↑,↖,↑,↑,↑,↑,↑,↑,↑,↖,↑,↑,↑,↖,↑,↖,↑,↖,↑,↑,↑,↖,↑,↑,↖,↑,↑,↖,↑,↑,↑,↑,↑,↖,↖,↑,↖,↖,↖,↑,↑,↑,↑,↑,↖,↑,↖,↖,↖,↑,↖,↖,↑,↖,↖,↖,↑,↖,↖,↑,↑,↖,↑,↖,↑,↖,↖,↖,↑,↖,↖,↑,↖,↖,↖,←,↖,↖,↑,↑,↖,↖,↖,↖,↖,↖,←,↑,↑,↖,↖,↖,↖,↖,↖,↖,↖,↖,↖,←,←,←,←,←,←,←,←,↖,↖,←,←,←,↖,↖,↑,↑,↖,↖,↖,↖,←,↖,←,↖,←,↖,←,↖,←,←,←,←,←,←,←,↖,←,↖,↖,←,←,←,↖,←,↖,↖,←,←,↖,↖,←,↖,←,←,←,←,↖,←,←,←,←,←,←,←,←,↖,←,←,↖,←,↖,↖,↖,↖,←,↖,↖,↖,←,↖,↖,↖,←,←,←,←,↖,←,↖,↖,↖,←,←,↖,↖,↖,←,↖,↖,←,←,←,←,↖,←,←,←,←,←,↖,←,←,←,←,←,←
S,↑,↑,↑,↑,↑,↑,↑,↑,↑,↑,↑,↑,↑,↑,↑,↑,↑,↖,↑,↑,↑,↖,↖,↑,↑,↖,↖,↖,↖,↖,↑,↑,↖,↑,↑,↖,↑,↖,↑,↑,↖,↖,↖,↑,↑,↖,↑,↑,↑,↑,↖,↖,↑,↑,↖,↖,↑,↖,↑,↖,↖,↑,↖,↖,↑,↑,↑,↖,↑,↑,↑,↖,↖,↖,↖,↑,↖,↖,↖,↖,↑,↖,↑,↑,↖,←,↖,↖,↖,↖,↖,↖,↑,↖,↖,↖,↖,↖,↖,↖,↖,↑,↖,↖,←,↖,←,↖,←,←,↖,←,↖,↖,↖,↑,↖,↖,↖,↑,↖,↖,↖,↖,↖,↖,←,↖,←,↖,←,←,↖,←,←,←,←,←,←,↖,↖,←,↖,↖,↖,←,↖,←,←,↖,↖,←,↖,↖,←,↖,←,←,↖,←,↖,←,←,←,←,←,←,←,←,←,←,←,←,←,↖,↖,↖,↖,↖,↖,↖,↖,←,←,←,↖,↖,↖,←,←,↖,←,←,←,↖,←,←,←,←,↖,↖,↖,←,←,←,←,←,←,←,←,←,←,←,←,↖,↖,←,←,←
K,↑,↑,↑,↑,↑,↑,↑,↑,↑,↑,↑,↑,↑,↑,↑,↑,↑,↑,↑,↑,↑,↖,↖,↖,↑,↑,↖,↖,↖,↖,↑,↑,↑,↑,↑,↖,↑,↖,↖,↑,↖,↑,↑,↖,↑,↑,↑,↑,↑,↑,↑,↑,↑,↑,↖,↖,↑,↖,↖,↑,↖,↖,↑,↖,↖,↑,↑,↖,↑,↑,↑,↑,↖,↖,↖,↖,↑,↖,↖,↖,←,↑,↖,↑,↑,↖,↖,↖,↖,↖,↖,↖,↖,↖,↖,↖,↖,↖,↖,↖,↖,↖,↖,↖,↖,↖,←,↖,↖,←,↖,←,←,↖,↖,←,↑,↖,↖,↑,↑,↖,↖,↖,↖,↖,↖,↖,←,↖,↖,←,↖,↖,↖,←,←,←,←,↖,↖,←,←,↖,↖,←,↖,←,←,←,↖,←,←,↖,↖,↖,←,←,←,←,←,↖,←,↖,←,←,←,←,←,←,←,←,←,←,←,↖,↖,↖,↖,↖,↖,↖,↖,↖,←,←,↖,↖,←,←,↖,↖,←,←,↖,↖,↖,←,←,←,↖,↖,←,←,↖,↖,↖,←,←,←,↖,↖,←,←,←,↖,↖,←,←
F,↑,↑,↑,↑,↑,↖,↑,↑,↑,↑,↑,↑,↑,↑,↑,↑,↖,↑,↖,↑,↑,↑,↖,↑,↖,↑,↑,↖,↑,↑,↖,↑,↑,↑,↑,↑,↖,↖,↑,↖,↖,↖,↑,↑,↑,↑,↖,↑,↑,↑,↖,↖,↑,↑,↖,↑,↖,↖,↖,↑,↑,↖,←,↑,↖,↑,↑,↑,↖,↖,↑,↑,↑,↖,↑,↖,↑,↖,↖,↖,↖,←,↑,↖,↑,↖,↖,↖,↖,↑,↑,↖,↖,←,↖,↖,↖,←,←,↖,↖,↖,↖,↖,↖,↖,↖,↖,←,↖,←,←,↖,←,←,↖,←,↑,↖,↖,↑,↑,↖,↖,↖,↖,↖,←,↖,←,←,↖,←,←,←,↖,←,←,←,←,←,↖,↖,←,↖,↖,←,↖,←,←,←,←,←,←,↖,←,↖,↖,↖,↖,←,←,↖,←,←,←,←,↖,←,←,←,←,←,←,←,←,←,↖,↖,↖,↖,↖,↖,↖,↖,↖,←,↖,↖,↖,←,↖,↖,↖,←,←,←,↖,↖,←,←,↖,↖,↖,←,←,←,←,←,←,←,←,←,←,←,←,←,←,↖
D,↑,↑,↑,↑,↑,↑,↑,↑,↑,↑,↑,↑,↑,↑,↑,↑,↑,↑,↑,↑,↑,↑,↖,↖,↑,↑,↑,↖,↖,↑,↑,↑,↑,↖,↖,↑,↑,↑,↖,↑,↑,↖,↑,↑,↑,↑,↑,↑,↑,↑,↑,↑,↖,↑,↑,↖,↑,↑,↑,↖,↖,↑,↖,↖,↑,↑,↑,↖,↑,↑,↑,↑,↑,↖,↖,↑,↖,↑,↖,←,↑,↖,↖,←,↑,↑,↖,↖,↖,↖,↖,↖,↑,↖,↖,↑,↖,↖,↖,↖,↖,↖,↖,↖,↖,↖,↖,↖,↖,←,↖,←,←,↖,↖,←,↖,↖,↖,↖,↖,↑,↖,↖,↖,↖,↖,↖,←,←,←,←,↖,←,←,←,↖,↖,←,↖,↖,←,←,↖,←,↖,↖,←,↖,↖,↖,←,←,↖,←,↖,↖,↖,←,←,↖,↖,←,↖,←,←,←,←,↖,←,↖,←,←,←,↖,←,←,←,←,←,↖,↖,←,↖,←,↖,↖,↖,↖,↖,↖,←,←,↖,↖,↖,←,←,←,↖,←,←,←,↖,↖,←,←,←,←,←,↖,←,←,←,←,←,←,←,←
P,↑,↑,↑,↑,↑,↑,↑,↑,↑,↑,↑,↑,↑,↑,↑,↑,↑,↑,↑,↑,↑,↑,↖,↑,↖,↑,↑,↖,↖,↖,↑,↑,↑,↑,↑,↖,↑,↑,↑,↖,↑,↖,↑,↖,↑,↑,↑,↖,↑,↑,↑,↑,↖,↑,↑,↖,↑,↑,↑,↑,↖,↑,↑,↖,↖,↑,↑,↖,↑,↑,↑,↑,↖,↖,↑,↖,↖,↑,↖,↖,↖,↑,↖,←,↑,↑,↖,↖,↖,↖,↖,←,↖,↖,↖,↖,↖,↖,↖,↖,←,↖,↖,↖,↖,↖,↖,↖,←,←,↖,↖,↖,↖,↖,←,←,←,←,←,←,↖,↖,↖,↖,↖,↖,↑,↖,↖,←,←,↖,↖,↖,←,↖,←,←,↖,↖,←,←,←,↖,←,↖,↖,↖,↖,↖,←,←,←,↖,↖,↖,↖,←,←,←,↖,←,↖,↖,↖,←,←,←,←,←,←,←,←,←,←,←,←,←,←,←,←,←,↖,←,←,↖,↖,←,↖,↖,↖,←,←,↖,↖,↖,↖,←,↖,↖,↖,←,←,↖,↖,←,←,←,←,←,↖,←,←,←,←,←,←,←
I,↑,↑,↑,↑,↑,↑,↑,↑,↑,↑,↑,↑,↑,↑,↑,↑,↖,↑,↖,↖,↖,↑,↖,↑,↖,↑,↑,↑,↖,↖,↖,↑,↑,↑,↑,↑,↖,↑,↑,↖,↖,↖,↑,↖,↑,↑,↑,↖,↑,↖,↑,↖,↖,↖,↖,↑,↖,↖,↖,↑,↑,↑,↑,↑,↖,↖,↖,↑,↖,↖,↖,↑,↖,↑,↖,↖,↖,↑,↑,↖,↖,←,↑,↖,←,↑,↖,↖,↖,↑,↖,↖,↖,↖,↖,↖,↖,↖,↖,↖,↖,↖,←,←,↖,↖,↖,↖,↖,↖,↖,↖,←,←,↖,↖,←,←,←,↖,←,←,↖,↑,↖,↖,↖,←,↖,↖,↖,←,←,←,←,↖,←,←,↖,←,←,↖,←,←,←,↖,←,←,↖,←,↖,↖,↖,←,←,←,←,↖,↖,↖,←,←,←,←,←,↖,↖,←,↖,←,←,↖,←,↖,←,←,←,←,←,←,←,←,←,←,↖,←,←,←,←,↖,←,↖,↖,↖,←,←,↖,↖,↖,←,←,←,←,←,←,↑,↖,←,←,←,←,←,↖,←,←,←,←,←,←
L,↑,↖,↑,↖,↑,↑,↑,↑,↑,↑,↑,↑,↑,↑,↑,↑,↖,↑,↖,↖,↑,↑,↑,↑,↖,↑,↑,↑,↖,↖,↖,↖,↑,↑,↑,↑,↑,↖,↑,↑,↖,↖,↖,↑,↑,↑,↑,↑,↖,↑,↑,↖,↖,↖,↖,↑,↑,↖,←,↖,↑,↑,↑,↑,↖,↖,↖,↑,↖,↖,↖,↑,↑,↑,↖,↖,↖,↖,↑,↖,↖,↖,↖,↖,↖,↖,↖,↖,↖,↖,↑,↖,↖,↖,↖,↖,↖,←,↖,↖,↖,↖,↖,↖,←,↖,↖,↖,↖,↖,↖,↖,↖,←,←,↖,↖,←,←,↖,←,←,←,←,↑,↖,↖,↖,↖,↖,↖,↖,←,↖,←,↖,←,←,←,←,←,↖,↖,←,←,←,←,←,↖,↖,↖,↖,↖,←,↖,←,←,←,↖,↖,↖,↖,↖,←,↖,←,↖,↖,↖,←,←,↖,↖,←,←,←,←,↖,↖,↖,↖,←,↖,←,←,↖,←,←,←,←,←,↖,↖,↖,←,←,←,←,↖,←,↖,↖,↖,↖,←,←,↑,↖,↖,↖,↖,↖,↖,↖,←,←,←,↖,←
W,↑,↑,↑,↑,↑,↑,↑,↑,↖,↑,↑,↑,↑,↑,↑,↑,↑,↑,↑,↑,↑,↑,↑,↑,↑,↖,↑,↑,↖,↑,↖,↑,↖,↑,↑,↖,↑,↖,↑,↑,↑,↖,↖,↖,↑,↑,↑,↑,↑,↑,↑,↖,↑,↖,↑,↑,↑,↑,↖,↖,↖,↑,↑,↑,↖,↑,↖,↑,↑,↑,↖,↖,↑,↑,↑,↑,↖,↖,↑,↖,↑,↖,↖,↖,↖,↖,↖,←,↑,↖,↖,↑,↖,↖,↖,↖,↖,↖,←,↑,↖,↖,↖,↖,↖,↖,↖,↖,↖,↖,←,←,←,←,←,←,↖,↖,←,↖,↖,↖,↖,↖,↖,↑,↑,↖,↖,↖,↖,↖,↖,↖,↖,↖,←,←,←,←,←,←,↖,↖,↖,↖,←,↖,←,←,↖,↖,↖,↖,↖,←,←,←,←,↖,↖,↖,↖,←,←,←,←,↖,↖,↖,←,←,←,←,←,←,←,←,←,←,←,←,←,←,←,←,↖,↖,↖,↖,↖,↖,↖,↖,↖,←,↖,←,↖,↖,↖,↖,↖,↖,←,←,←,↖,↖,↖,←,←,↖,↖,↖,←,←,←,←
W,↑,↑,↑,↑,↑,↑,↑,↑,↖,↑,↑,↑,↑,↑,↑,↑,↑,↑,↑,↑,↑,↑,↑,↑,↑,↖,↑,↑,↖,↖,↖,↑,↖,↑,↑,↖,↑,↖,↖,↑,↑,↖,↖,↖,↖,↑,↑,↑,↑,↑,↑,↖,↑,↖,↑,↑,↑,↑,↖,↖,↖,↖,↑,↑,↖,↖,↖,↖,↑,↑,↖,↖,↑,↑,↑,↑,↖,↖,↑,↖,↑,↖,↖,↖,↖,↖,↖,↖,↖,↖,↖,↖,↖,↖,↖,↖,↖,↖,↖,↖,↖,↖,↖,↖,↖,↖,↖,↖,↖,↖,↖,↖,↖,←,←,←,←,↖,↖,↖,↖,↖,↖,↖,↖,←,↑,↖,↖,↖,↖,↖,↖,↖,↖,↖,↖,↖,↖,←,←,↖,↖,↖,↖,↖,←,↖,↖,↖,↖,↖,↖,↖,↖,↖,←,←,↖,↖,←,↖,↖,↖,←,←,←,↖,↖,↖,↖,↖,↖,←,←,←,←,↖,↖,↖,↖,←,↖,←,←,↖,←,←,←,←,←,↖,↖,↖,↖,↖,↖,←,↖,←,↖,↖,↖,↖,←,←,←,←,↖,↖,←,←,↖,↖,↖,↖,←,←,↖
I,↑,↑,↑,↑,↑,↑,↑,↑,↑,↑,↑,↑,↑,↑,↑,↑,↑,↑,↑,↖,↖,↑,↖,↑,↑,↖,↑,↑,↑,↖,↖,↖,↑,↑,↑,↑,↖,↑,↖,↖,↖,↖,↖,↖,↖,↑,↑,↖,↑,↖,↑,↑,↖,↖,↖,↑,↖,↑,↖,↑,↖,↖,↑,↑,↑,↖,↖,←,↑,↖,↖,↑,↖,↑,↖,↑,↖,↑,↖,↑,↖,↖,↖,↖,←,↖,↑,↖,↖,←,↖,↖,↖,↖,↖,↖,↖,↖,↖,↖,←,↖,↖,↖,↖,↖,←,↖,↖,↑,↖,↖,←,←,←,↖,←,←,←,↖,←,←,↖,←,↖,←,↖,↖,↖,↖,↖,↖,↖,↖,←,↖,↖,←,↖,←,←,↖,←,←,←,↖,←,←,↖,←,←,↖,↖,←,↖,↖,↖,↖,↖,↖,←,←,↖,↖,↖,←,↖,←,↖,↑,↖,↖,←,↖,←,←,←,←,←,←,←,←,←,←,←,←,←,←,←,↖,←,←,←,←,←,←,↖,↖,↖,←,←,↖,↖,↖,↖,↖,↖,←,←,↖,↖,↖,↖,←,←,↖,↖,↖,←
V,↑,↑,↑,↑,↖,↑,↑,↑,↑,↑,↑,↑,↖,↑,↑,↑,↑,↑,↑,↑,↑,↑,↖,↑,↑,↖,↑,↑,↑,↖,↖,↖,↖,↑,↑,↑,↑,↑,↖,↖,↑,↖,↖,↖,↖,↖,↑,↖,↑,↑,↑,↑,↑,↖,↖,↑,↑,↑,↑,↖,↖,↖,↑,↑,↑,↑,↖,↖,↖,↑,↖,↖,↖,↑,↖,↑,↖,↖,↖,↖,↑,↖,↖,↖,↖,↖,↑,↑,↖,←,←,↖,↖,↖,↖,↖,↖,↖,←,↖,↖,↖,↖,↖,↖,↖,↖,↖,←,↑,↖,↖,↖,←,←,↖,↖,←,←,↖,↖,←,↖,↖,↖,←,↖,←,↖,↖,↖,↖,↖,↖,↖,↖,↖,←,↖,←,←,↖,←,←,←,↖,←,↖,↖,↖,↖,↖,↖,←,↖,←,↖,↖,↖,↖,↖,←,↖,←,↖,↖,↖,↖,↖,←,↖,↖,↖,↖,←,←,↖,←,←,←,←,←,←,←,↖,←,←,←,←,←,←,←,←,←,←,←,←,←,←,↖,↖,↖,↖,↖,↖,↖,↖,←,←,←,←,↖,↖,↖,←,←,←,↖,↖
S,↑,↑,↑,↑,↑,↑,↑,↑,↑,↑,↑,↑,↑,↑,↑,↑,↑,↖,↑,↑,↑,↖,↖,↖,↑,↖,↖,↑,↖,↖,↑,↑,↖,↑,↑,↖,↑,↑,↖,↑,↑,↑,↖,↖,↖,↖,↑,↑,↑,↑,↑,↑,↑,↑,↑,↖,↑,↑,↑,↖,↖,↑,↖,↖,↑,↑,↑,↖,↖,↑,↑,↖,↖,↑,↖,↑,↖,↑,↖,↖,↑,↖,↖,↑,↖,↖,↑,↑,↑,↖,↖,↖,←,↖,↖,↑,↑,↖,↖,↖,↖,↖,↖,↖,↖,↖,↖,↖,↖,←,↖,↑,↖,↖,↖,←,↖,↖,↖,←,↖,↖,↖,←,↖,↖,←,↖,←,↖,↑,↖,↖,←,↖,↖,↖,↖,←,↖,↖,←,←,←,↖,←,↖,←,←,↖,↖,←,←,↖,←,↖,←,↖,↖,←,↖,←,←,←,←,↖,←,↖,↖,↖,↖,↑,↖,↖,↖,←,←,←,←,←,←,↖,←,←,←,←,←,←,←,←,←,←,←,←,←,←,←,←,←,←,←,↖,←,←,↖,↖,↖,↖,↖,↖,↖,←,↖,↖,↖,↖,←,←,↖
F,↑,↑,↑,↑,↑,↖,↑,↑,↑,↑,↑,↑,↑,↑,↑,↑,↑,↑,↖,↑,↑,↑,↑,↑,↑,↑,↖,↑,↑,↑,↖,↖,↑,↑,↑,↑,↑,↖,↑,↑,↑,↑,↑,↖,↖,↖,↖,↑,↑,↑,↖,↖,↑,↑,↖,↑,↑,↑,↑,↑,↖,↖,←,↖,↑,↑,↑,↑,↖,↖,↑,↑,↖,↖,↑,↖,↑,↖,↑,↖,↖,↑,↑,↖,↑,↖,←,↑,↖,↑,↖,↖,↖,←,↖,↖,↖,↑,↖,↖,←,↖,↖,↖,↖,↖,↖,↖,↖,↖,←,↑,↖,↖,↖,↖,←,←,↖,↖,←,←,←,↖,↖,↖,↖,←,↖,←,↖,↖,↖,↖,←,↖,↖,↖,↖,←,↖,↖,↖,←,←,←,←,↖,←,←,←,←,←,←,↖,←,←,←,↖,↖,←,↖,↖,←,←,←,←,↖,←,←,←,↖,↖,↖,←,↖,↖,↖,↖,↖,↖,←,↖,←,←,↖,←,←,←,←,←,←,↖,↖,←,←,←,←,↖,←,←,←,↖,↖,←,←,←,←,←,←,←,←,↖,↖,↖,←,↖,↖,↖
I,↑,↑,↑,↑,↑,↑,↑,↑,↑,↑,↑,↑,↑,↑,↑,↑,↑,↑,↖,↖,↖,↑,↑,↑,↑,↑,↖,↑,↑,↖,↖,↖,↑,↑,↑,↑,↖,↑,↑,↖,↖,↑,↑,↖,↑,↖,↑,↖,↖,↖,↑,↖,↖,↑,↖,↑,↖,↑,↖,↑,↖,↑,↖,↖,↑,↖,↖,↑,↖,↖,↖,↑,↖,↖,↖,↖,↑,↑,↖,↑,↖,↑,↖,↖,↑,↑,↖,↖,↖,↑,↖,↖,↑,↖,↖,↖,↖,↖,↖,↖,↖,↖,←,↖,↖,↖,↖,↖,↖,↖,↖,↖,↑,↖,↖,↖,↖,←,←,↖,↖,←,↖,←,↖,←,↖,↖,↖,←,↖,↑,↖,↖,↖,↖,↖,↖,↖,↖,↖,↖,↖,←,←,↖,←,←,↖,←,←,↖,↖,←,←,←,←,←,←,↖,←,←,↖,↖,↖,←,↖,←,↖,←,←,↖,↖,↖,↖,↖,↖,↖,↖,↖,↖,←,↖,↖,↖,←,←,←,←,↖,←,←,←,←,←,←,←,←,←,←,←,←,←,↖,←,←,←,←,←,←,←,←,↖,←,↖,↖,←,↖,↖
I,↑,↑,↑,↑,↑,↑,↑,↑,↑,↑,↑,↑,↑,↑,↑,↑,↑,↑,↖,↖,↖,↑,↑,↑,↑,↑,↖,↑,↑,↖,↖,↖,↖,↑,↑,↑,↖,↑,↑,↖,↖,↖,↑,↖,↖,↖,↖,↖,↖,↖,↑,↖,↖,↖,↖,↖,↖,↖,↖,↑,↖,↑,↖,↖,↑,↖,↖,↑,↖,↖,↖,↖,↖,↖,↖,↖,↖,↑,↖,↖,↖,↑,↖,↖,↑,↑,↖,↖,↖,←,↖,↖,↖,↖,↖,↖,↖,↖,↖,↖,↖,↖,↖,↖,←,↖,↖,↖,↖,↖,↖,↖,↖,↖,↖,↖,↖,←,↖,↖,↖,↖,↖,←,↖,←,↖,←,↖,↖,↖,↖,↖,↖,↖,↖,↖,←,↖,↖,↖,↖,↖,←,←,↖,←,←,↖,↖,↖,↖,↖,←,←,←,←,←,←,↖,←,←,←,↖,↖,↖,↖,↖,↖,↖,↖,↖,←,↖,↖,↖,↖,↖,↖,↖,↖,←,↖,←,↖,↖,←,←,←,↖,←,←,←,←,←,←,←,←,←,←,←,←,←,←,←,←,←,←,←,←,←,←,↖,↖,←,↖,↖,↖,↖
L,↑,↖,↑,↖,↑,↑,↑,↑,↑,↑,↑,↑,↑,↑,↑,↑,↖,↑,↖,↖,↑,↑,↑,↑,↖,↑,↖,↑,↑,↑,↖,↖,↖,↑,↑,↑,↑,↑,↑,↑,↑,↖,↑,↑,↖,↖,↖,↖,↖,↖,↑,↖,↖,↑,↖,↑,↑,↖,↖,↑,↖,↑,↖,↑,↖,↖,↑,↑,↖,↖,↑,↖,↖,↑,↖,↖,↑,↑,↑,↖,↖,↑,↑,↖,↑,↑,↖,↖,↖,←,←,↖,↖,↖,↖,↖,↖,←,←,↖,↖,↖,↖,↖,↖,↖,↖,↖,↖,↖,↖,↖,↖,←,↑,↖,↖,↖,↖,↖,←,←,←,←,↖,←,↖,↖,↖,↖,↖,↖,←,↖,↖,↖,↖,↖,↖,↖,↖,↖,↖,↖,↖,↖,←,↖,↖,↖,↖,↖,↖,←,↖,←,←,←,←,←,←,←,←,←,←,↖,↖,↖,↖,↖,↖,↖,↖,←,←,↖,↖,↖,↖,↖,↖,←,↖,←,←,↖,←,←,←,↖,↖,↖,↖,↖,←,←,←,←,↖,←,←,←,←,←,←,←,←,←,←,←,←,←,←,↖,←,←,←,↖,↖
F,↑,↑,↑,↑,↑,↖,↑,↑,↑,↑,↑,↑,↑,↑,↑,↑,↑,↑,↑,↑,↑,↑,↑,↑,↑,↑,↑,↑,↑,↑,↑,↑,↖,↑,↑,↑,↑,↖,↑,↑,↑,↑,↑,↑,↖,↖,↖,↑,↑,↑,↖,↖,↑,↑,↑,↖,↑,↑,↑,↑,↖,↖,↖,↑,↖,↖,↑,↑,↑,↖,↑,↖,↖,↖,↑,↑,↖,↖,↑,↖,↑,↖,↑,↑,↑,↖,↖,↑,↑,↖,↖,↖,↖,↑,↖,↑,↖,←,←,←,↖,↑,↖,↖,↖,↖,↖,↖,↖,↖,↖,↖,↖,↖,↖,↑,↖,↖,↖,↖,↖,↖,←,←,←,←,↖,←,↖,↖,↖,↖,←,←,↖,↖,↖,↖,↖,↖,↖,↖,↖,↖,↖,↖,↖,↖,←,←,←,←,↖,↖,↖,←,←,←,←,↖,←,←,↖,←,←,←,↖,↖,←,←,←,←,↖,↖,←,←,↖,↖,↖,↖,↖,←,↖,←,←,↖,←,←,←,↖,↖,↖,↖,↖,←,←,←,←,↖,←,←,←,↖,↖,←,←,←,←,←,←,←,←,←,←,←,←,←,←,↖
T,↑,↑,↑,↑,↑,↑,↑,↑,↑,↑,↑,↑,↑,↑,↖,↑,↑,↑,↑,↑,↑,↖,↖,↖,↑,↑,↖,↑,↑,↖,↑,↑,↖,↖,↑,↑,↑,↑,↖,↑,↑,↑,↖,↖,↑,↖,↑,↖,↑,↑,↑,↑,↖,↑,↑,↖,↖,↑,↑,↑,↖,↑,↖,↖,↑,↖,↖,↖,↑,↑,↑,↖,↖,↖,↖,↑,↖,↑,↖,↖,↑,↖,↖,↑,↖,↑,↑,↑,↑,↖,↖,↖,↑,↖,↑,↖,↑,↖,↖,↖,←,←,↖,↖,↖,↖,↖,↖,↖,↖,↖,↖,↖,↖,↖,↑,↖,↖,↖,↖,↖,↖,↖,←,↖,↖,←,←,←,↖,↖,↖,↖,←,←,↖,↖,↖,↖,↖,↖,↖,↖,↖,↖,↖,↖,←,↖,↖,↖,←,←,←,←,↖,↖,↖,↖,←,↖,←,←,↖,↖,←,←,←,↖,←,↖,↖,←,↖,↖,←,←,↖,↖,↖,↖,↖,←,←,↖,←,↖,↖,←,←,↖,←,←,↖,↖,←,←,←,←,←,↖,↖,←,↖,↖,↖,↖,←,←,←,←,←,←,←,←,←,←,←,←
M,↑,↑,↑,↑,↑,↑,↑,↑,↑,↑,↑,↖,↑,↑,↑,↑,↑,↑,↑,↖,↖,↑,↑,↑,↑,↑,↖,↑,↑,↑,↑,↖,↑,↑,↖,↖,↑,↑,↑,↑,↑,↖,↑,↖,↖,↑,↑,↖,↖,↖,↑,↑,↖,↖,↖,↑,↖,↖,↖,↑,↑,↑,↑,↖,↖,↖,↖,↖,↑,↖,↑,↑,↖,↖,↖,↖,↑,↑,↑,↖,↖,↑,↖,↖,↑,↑,↑,↖,↖,↑,↖,↖,↖,↖,↖,↖,↖,↑,↖,↖,←,↖,←,↖,↖,↖,↖,↖,↖,↖,↑,↖,↖,↑,↖,↖,↑,↖,↖,↖,↖,↖,↖,↖,↖,←,↖,←,↖,←,↖,←,↑,↖,←,↖,←,↖,↖,↖,↖,↖,↖,↖,↖,↖,↖,↖,↖,↖,↖,↖,↖,←,↖,←,←,←,←,←,←,←,←,←,←,↖,↖,←,←,↖,↖,↖,↖,←,←,↖,↖,↖,↖,↖,↖,↖,↖,←,←,↖,←,←,←,←,←,↖,←,←,←,←,↖,↖,↖,←,←,←,←,←,←,←,←,←,←,←,←,←,↖,↖,←,←,←,↖,←
G,↑,↑,↑,↑,↑,↑,↖,↑,↑,↑,↖,↑,↑,↖,↑,↑,↑,↑,↑,↑,↑,↑,↖,↑,↑,↑,↑,↑,↖,↖,↑,↑,↖,↖,↖,↑,↑,↑,↖,↑,↑,↑,↑,↖,↖,↖,↑,↑,↑,↖,↑,↑,↑,↖,↑,↖,↑,↑,↑,↖,↖,↑,↖,↖,↑,↑,↑,↖,↑,↑,↖,↖,↖,↖,↖,↖,↖,↑,↑,↑,↑,↖,↖,↑,↖,↑,↑,↑,↑,↖,↖,↖,↖,↖,↑,↑,↑,↖,↖,↖,↖,←,←,←,↖,↖,↖,←,↖,←,←,↑,↖,↖,↖,↖,↖,↖,↖,↖,↖,↖,↖,↖,←,←,←,←,←,↖,←,↖,↖,↑,↖,←,↖,↖,←,↖,↖,↖,↖,↖,←,↖,↖,←,↖,↖,↖,↖,↖,↖,←,↖,↖,↖,↖,←,↖,←,←,←,←,←,←,↖,↖,↖,↖,←,←,↖,↖,↖,↖,↖,↖,↖,↖,↖,↖,↖,←,←,↖,↖,↖,←,←,←,←,←,↖,↖,←,↖,←,↖,←,←,←,←,←,←,↖,↖,↖,↖,←,←,←,←,←,←,←,←,←
G,↑,↑,↑,↑,↑,↑,↖,↑,↑,↑,↖,↑,↑,↖,↑,↑,↑,↑,↑,↑,↑,↑,↖,↑,↑,↑,↑,↑,↖,↖,↑,↑,↖,↖,↖,↖,↑,↑,↖,↑,↑,↑,↑,↖,↖,↖,↑,↑,↑,↖,↑,↑,↑,↖,↑,↖,↑,↑,↑,↖,↖,↖,↖,↖,↖,↑,↑,↖,↑,↑,↖,↖,↖,↖,↖,↖,↖,↖,↑,↑,↑,↖,↖,↑,↖,↖,↑,↑,↑,↖,↖,↖,↖,↖,↖,↑,↑,↖,↖,↖,↖,←,←,↖,↖,↖,↖,↖,↖,←,←,←,←,↖,↖,↖,↖,↖,↖,↖,↖,↖,↖,↖,↖,↖,←,←,←,←,←,←,↖,↖,↖,↖,↖,↖,←,↖,↖,↖,↖,↖,↖,←,↖,↖,↖,↖,↖,↖,↖,↖,↖,↖,↖,↖,↖,←,↖,←,←,←,←,←,←,←,↖,↖,↖,↖,↖,↖,↖,↖,←,↖,↖,↖,↖,↖,↖,↖,↖,↖,↖,↖,↖,←,←,←,←,←,←,↖,←,↖,←,↖,↖,↖,←,←,↖,←,↖,↖,↖,↖,←,←,←,←,←,←,←,←,←
V,↑,↑,↑,↑,↖,↑,↑,↑,↑,↑,↑,↑,↖,↑,↑,↑,↑,↑,↑,↑,↖,↑,↖,↑,↑,↑,↑,↑,↑,↖,↖,↑,↑,↑,↖,↖,↖,↑,↑,↖,↑,↖,↑,↖,↑,↖,↑,↖,↑,↖,↑,↑,↑,↖,↑,↑,↖,↖,↖,↑,↑,↖,↑,↑,↖,↑,↖,↑,↖,↑,↖,↑,↖,↖,↑,↖,↖,↖,↖,↑,↑,↑,↑,↖,↑,↖,↑,↑,↖,↑,↑,↑,↖,↖,↖,↖,↖,↖,↑,↖,↑,↖,←,←,←,↖,↖,↖,↖,↖,↖,↖,←,←,↖,↖,↖,↑,↖,↖,↖,↖,↖,↑,↖,↖,↖,←,←,←,←,←,←,↖,←,↖,↖,↖,↖,←,←,↖,↖,↑,↖,↖,←,←,↖,←,↖,↖,↖,←,↖,←,←,↖,↖,↖,←,←,←,←,←,←,←,←,↖,←,←,↖,↖,↖,←,←,↖,←,↖,↖,↖,←,↖,↖,↖,↖,←,↖,←,↖,←,←,←,←,←,←,←,←,←,←,←,↖,←,←,←,←,↖,←,↖,↖,↖,↖,↖,←,←,←,←,←,←
T,↑,↑,↑,↑,↑,↑,↑,↑,↑,↑,↑,↑,↑,↑,↖,↑,↑,↑,↑,↑,↑,↖,↖,↖,↑,↑,↑,↑,↑,↖,↑,↖,↑,↖,↖,↖,↑,↑,↖,↑,↑,↑,↖,↖,↖,↖,↑,↑,↑,↑,↖,↑,↑,↑,↖,↖,↑,↖,↑,↑,↑,↑,↖,↖,↖,↖,↑,↖,↑,↑,↑,↑,↖,↖,↖,↑,↖,↖,↖,↖,↑,↖,↖,↑,↖,↑,↖,↑,↑,↖,↖,↖,↑,↖,↖,↖,↖,↖,↖,↖,↑,↑,↖,↖,←,↖,↖,↖,↖,↖,↖,←,↖,↖,↖,↖,↖,↑,↖,↖,↖,←,↖,↖,↖,↖,←,↖,↖,↖,←,←,←,←,←,←,↖,↖,↑,↖,↖,←,↖,↖,↖,↖,↖,←,←,↖,↖,←,↖,↖,←,↖,↖,↖,↖,↖,↖,←,←,←,↖,←,←,←,←,←,←,←,↖,↖,↖,←,←,↖,↖,↖,↖,↖,←,↖,↖,↖,↖,↖,↖,↖,↖,←,←,←,↖,←,←,←,←,←,↖,↖,←,←,←,←,←,←,←,↖,↖,↖,↖,↖,←,↖,←,↖,←
G,↑,↑,↑,↑,↑,↑,↖,↑,↑,↑,↖,↑,↑,↖,↑,↑,↑,↑,↑,↑,↑,↑,↖,↑,↑,↑,↑,↑,↖,↖,↑,↑,↖,↖,↖,↖,↖,↑,↖,↑,↑,↑,↑,↖,↖,↖,↑,↑,↑,↑,↑,↖,↑,↑,↑,↖,↑,↑,↑,↖,↖,↑,↖,↖,↖,↑,↑,↑,↖,↑,↑,↖,↖,↑,↖,↖,↖,↖,↖,↖,↑,↖,↖,↑,↑,↖,↖,↑,↑,↑,↖,↑,↑,↑,↑,↖,↖,↖,↖,↖,↖,↑,↑,↖,↖,←,↖,←,↖,←,↑,↖,↖,↖,↖,←,↖,↖,←,↖,↖,↖,↖,↖,↖,↑,↖,↖,↖,↖,↖,↖,↖,←,←,←,↖,↖,←,↑,↖,←,←,↖,←,←,↖,↖,↖,↑,↖,←,←,↖,↖,↖,↖,↖,↖,←,↖,↖,←,↖,↖,↖,←,←,←,←,↖,←,←,←,↖,↖,←,←,←,←,←,↖,↖,↖,↖,↖,↖,↖,↖,←,←,↖,←,←,↖,↖,←,↖,←,↖,←,←,←,←,←,←,↖,↖,↖,↖,←,↖,←,←,↖,↖,↖,←,←
I,↑,↑,↑,↑,↑,↑,↑,↑,↑,↑,↑,↖,↑,↑,↑,↑,↑,↑,↑,↑,↖,↑,↑,↖,↑,↑,↑,↑,↑,↑,↖,↖,↑,↑,↑,↑,↖,↑,↑,↑,↖,↑,↑,↑,↖,↑,↖,↑,↖,↖,↖,↖,↑,↑,↖,↑,↖,↖,↖,↑,↑,↖,↑,↖,↖,↖,↖,↑,↖,↖,↖,↑,↖,↑,↑,↖,↖,↖,↖,↖,↖,↑,↑,↖,↑,↖,↖,↖,↖,↑,↑,↑,↖,↖,↖,↖,↖,↖,↖,↑,↑,↖,↑,↑,↖,↖,←,↖,←,↖,↖,↖,↖,←,↖,↖,←,↑,↖,↖,↑,↖,↖,↑,↖,↖,↖,↖,↖,←,↖,←,←,↖,←,↖,←,←,↖,←,↑,↖,←,←,↖,↖,←,↖,↖,←,←,↖,↖,←,↖,←,↖,↖,↖,↖,←,←,↖,←,↖,←,↖,←,↖,←,←,↖,←,↖,←,←,↖,←,←,←,←,←,↖,←,↖,↖,↖,↖,↖,↖,←,←,↖,↖,←,←,←,←,↖,←,←,←,←,←,←,←,←,←,↖,↖,↖,↖,↖,←,←,←,←,↖,←
V,↑,↑,↑,↑,↖,↑,↑,↑,↑,↑,↑,↑,↖,↑,↑,↑,↑,↑,↑,↑,↑,↑,↖,↖,↑,↑,↑,↑,↑,↖,↑,↖,↑,↑,↑,↑,↑,↖,↑,↖,↑,↖,↑,↖,↖,↖,↑,↖,↑,↑,↖,↖,↑,↖,↑,↖,↑,↖,↖,↑,↑,↑,↑,↖,↖,↖,↖,↖,↑,↖,↖,↑,↖,↖,↑,↑,↖,↖,↖,↖,↖,↖,↑,↑,↑,↑,↖,↖,↖,↑,↑,↑,↑,↖,↖,↖,↖,↖,↖,↑,↑,↖,↖,↖,↖,↖,↖,↖,←,←,↖,↖,↖,↖,↖,↖,↖,←,↖,↖,↖,↖,↖,↖,↖,↖,↖,↖,↖,↖,↖,↖,←,↖,↖,↖,←,←,↖,↖,↖,↑,↖,←,←,↖,←,↖,↖,↖,↖,↖,↖,←,←,←,←,←,↖,↖,↖,←,↖,↖,↖,←,↖,↖,↖,←,←,↖,←,↖,←,←,↖,↖,↖,↖,↖,←,↖,←,↖,↖,↖,↖,↖,↖,↖,↖,↖,↖,←,←,←,←,↖,←,↖,↖,←,←,←,←,↖,←,←,←,←,←,↖,↖,←,←,←,↖,↖
L,↑,↖,↑,↖,↑,↑,↑,↑,↑,↑,↑,↖,↑,↑,↑,↑,↖,↑,↖,↖,↑,↑,↑,↖,↖,↑,↑,↑,↑,↑,↖,↖,↑,↑,↑,↖,↑,↖,↖,↑,↑,↑,↑,↑,↖,↑,↖,↑,↖,↑,↖,↖,↖,↑,↖,↑,↑,↖,↖,↑,↑,↖,↑,↑,↖,↖,↑,↖,↖,↖,↖,↑,↑,↖,↖,↖,↑,↖,↖,↖,↖,↑,↑,↖,↑,↖,↖,↖,↖,↑,↑,↑,↖,↖,↖,↖,↖,↖,↖,↖,↑,↑,↖,↖,↖,↑,↖,↖,↖,↖,↖,↖,↖,↖,↖,↖,←,↖,↖,↖,↖,↖,↑,↖,↖,↖,↖,↖,↖,↖,↖,↖,←,↖,←,↖,←,←,↖,↖,↖,↖,↖,↖,↖,↖,↖,↖,↖,↖,↖,↖,↑,↖,↖,←,←,←,←,↖,↖,↖,↖,↖,↖,↖,↖,←,↖,↖,↖,↖,↖,←,←,←,←,↖,↖,↖,↖,←,↖,←,←,↖,←,↖,↖,↖,↖,↖,↖,↖,↖,←,←,←,↖,←,←,←,←,←,←,←,←,←,←,←,←,←,←,↖,←,←,←,↖,←
S,↑,↑,↑,↑,↑,↑,↑,↑,↑,↑,↑,↑,↑,↑,↑,↑,↑,↖,↑,↑,↑,↖,↖,↖,↑,↖,↖,↑,↑,↖,↑,↑,↑,↖,↖,↖,↑,↑,↖,↑,↑,↑,↖,↖,↖,↖,↑,↑,↑,↑,↑,↑,↑,↑,↑,↖,↑,↑,↑,↖,↑,↑,↑,↖,↑,↑,↖,↖,↑,↖,↑,↑,↖,↖,↖,↑,↖,↑,↖,↖,↑,↖,↖,↑,↖,↑,↑,↑,↖,↖,↖,↖,↑,↑,↑,↑,↑,↖,↖,↖,↑,↑,↖,↖,↖,↖,↖,↖,↖,←,↖,←,↖,↖,↖,↖,↖,←,↖,←,↖,↖,↖,↖,↖,↖,↑,↖,↑,↖,←,↖,↖,←,↖,←,↖,←,←,↖,↖,←,↑,↖,↖,←,↖,←,↖,↖,↖,↖,↖,↖,↖,↖,←,←,↖,←,↖,←,←,↖,↖,↖,←,↖,↖,←,↖,←,←,↖,↖,←,←,←,←,↖,↖,↖,←,←,←,←,↖,↖,↖,↑,↖,↑,↖,↖,↖,↖,←,↖,←,↖,↖,↖,←,←,←,←,←,←,←,←,←,←,←,←,↖,↖,←,←,↖
A,↑,↑,↑,↑,↑,↑,↑,↖,↑,↖,↑,↑,↑,↑,↑,↖,↑,↑,↑,↑,↑,↑,↖,↖,↑,↑,↖,↑,↑,↖,↑,↑,↑,↑,↖,↖,↑,↑,↑,↖,↑,↑,↑,↖,↖,↖,↑,↑,↑,↑,↑,↑,↑,↑,↑,↖,↑,↑,↑,↖,↖,↑,↑,↑,↖,↑,↖,↖,↑,↖,↖,↑,↖,↖,↖,↖,↖,↑,↖,↖,↖,↑,↖,↑,↑,↖,↖,↑,↖,↖,↖,↑,↖,↑,↑,↑,↑,↖,↖,↖,↖,↑,↖,↖,↖,↖,↖,↖,↖,↖,↖,↖,←,↖,↖,↖,↖,↖,←,←,↖,↖,↖,↖,↖,↖,↖,↑,↖,↑,↖,←,↖,↖,↖,↖,↖,←,←,↖,↖,←,←,↖,↖,↖,↖,↖,↖,↖,↖,↖,↖,↖,↖,↖,↖,↖,↖,←,←,↖,←,↖,↖,↖,↖,←,↖,←,↖,↖,←,←,↖,↖,←,←,←,←,↖,↖,↖,↖,↖,←,↖,↖,←,←,←,↖,↖,↖,↖,↖,↖,↖,↖,↖,↖,↖,←,←,←,←,↖,←,←,←,←,←,←,←,←,←,↖,↖,←
S,↑,↑,↑,↑,↑,↑,↑,↑,↑,↑,↑,↑,↑,↑,↑,↑,↑,↖,↑,↑,↑,↖,↑,↖,↑,↖,↖,↑,↑,↑,↑,↑,↑,↖,↖,↖,↑,↑,↖,↑,↑,↑,↖,↑,↖,↑,↖,↑,↑,↑,↑,↑,↑,↑,↑,↖,↑,↑,↑,↖,↖,↑,↑,↖,↑,↑,↑,↖,↖,↑,↑,↑,↑,↖,↖,↖,↑,↖,↖,↖,↖,↖,↖,↖,↖,↖,↖,↑,↑,↖,↖,↖,↖,↑,↑,↑,↑,↑,↖,↖,↖,↖,↖,↑,↖,↖,↖,↖,↖,↖,↖,←,↖,↖,↖,↖,↖,↖,↖,←,↖,↖,↖,↖,↖,↖,↖,↖,↑,↖,↑,↖,↖,↖,↖,←,↖,↖,←,↖,↖,←,←,↖,↑,↖,↖,←,↖,↖,↖,↖,↖,↖,↖,↖,↖,↖,↖,↖,↖,←,←,↖,↖,←,←,←,←,↖,↖,↖,↖,↖,↖,↖,↖,←,←,←,←,↖,←,↖,↖,↖,↖,↖,↖,←,↖,←,↖,↖,↖,↖,↖,↖,←,↖,↖,↖,←,←,←,←,↖,↖,↖,↖,↖,←,←,←,←,↖,←,←,←
V,↑,↑,↑,↑,↖,↑,↑,↑,↑,↑,↑,↑,↖,↑,↑,↑,↑,↑,↑,↑,↖,↑,↑,↑,↖,↑,↑,↑,↑,↑,↖,↑,↑,↑,↑,↑,↖,↖,↑,↖,↖,↖,↑,↑,↑,↖,↖,↖,↑,↖,↑,↖,↖,↖,↑,↑,↖,↑,↖,↑,↑,↑,↑,↑,↖,↖,↖,↑,↖,↖,↖,↑,↑,↑,↖,↖,↑,↖,↖,↑,↖,↖,↖,↖,↑,↖,↖,↑,↖,↑,↑,↑,↖,↑,↖,↖,↖,↑,↑,↖,↖,↖,←,↑,↑,↖,↑,↖,←,↖,↖,↖,←,←,←,↖,↖,↖,↖,↖,←,←,↖,↑,↖,↑,↖,←,↖,↑,↖,↖,↖,↖,←,↖,←,←,↖,←,←,↖,←,←,←,↖,↖,↖,↖,←,↖,↖,↖,↖,↖,←,↖,↖,↖,↖,←,↖,↖,←,↖,←,↖,←,↖,←,↖,↖,←,↖,←,↖,↖,↖,↖,↖,↖,←,↖,←,↖,←,←,←,↖,↖,←,←,←,↖,↑,↖,↖,↖,↖,←,↖,↖,↖,↖,←,←,↖,←,↖,↖,↖,↖,↖,←,←,←,←,←,←
L,↑,↖,↑,↖,↑,↑,↑,↑,↑,↑,↑,↖,↑,↑,↑,↑,↖,↑,↖,↖,↑,↑,↑,↑,↖,↑,↑,↑,↑,↑,↖,↖,↑,↑,↑,↖,↑,↖,↑,↑,↖,↖,↑,↑,↑,↑,↖,↑,↖,↑,↖,↖,↖,↑,↖,↑,↑,↖,↑,↖,↑,↖,↑,↑,↖,↖,↑,↖,↖,↖,↖,↖,↑,↑,↖,↖,↖,↖,↖,↑,↖,↖,↖,↖,↖,↖,↖,↖,↖,↖,↑,↑,↖,↖,↖,↖,↖,↑,↑,↑,↖,↖,↖,↑,↑,↑,↖,↑,↖,↖,↖,↖,↖,←,←,↖,↖,↖,↖,↖,↖,←,↖,↖,↑,↖,↑,↖,↖,↖,↑,↖,←,↖,↖,↖,↖,←,↖,↖,↖,↖,↖,←,←,←,↖,↖,↖,↖,↖,↖,↖,←,↖,↖,←,↖,↖,↖,↖,↖,↖,↖,↖,←,↖,←,←,↖,↖,↖,↖,←,←,←,↖,↖,↖,↖,↖,←,↖,←,↖,↖,←,←,←,←,↖,↖,↖,↖,↖,↖,↖,↖,↖,←,↖,↖,↖,↖,←,←,←,←,←,←,←,←,↖,↖,←,←,←,↖,←
D,↑,↑,↑,↑,↑,↑,↑,↑,↑,↑,↑,↑,↑,↑,↑,↑,↑,↑,↑,↑,↑,↖,↑,↖,↑,↖,↖,↖,↑,↑,↑,↑,↖,↖,↖,↖,↑,↑,↖,↑,↑,↑,↑,↑,↖,↑,↑,↑,↑,↑,↑,↑,↑,↑,↑,↖,↑,↑,↑,↖,↑,↑,↑,↖,↑,↑,↑,↖,↑,↑,↖,↖,↑,↖,↖,↑,↖,↑,↖,↖,↑,↖,↖,↑,↖,↑,↑,↑,↑,↖,↖,↑,↑,↑,↖,↑,↑,↖,↑,↖,↖,↑,↖,↖,↑,↑,↖,↖,↖,↖,↖,↑,↑,↖,↖,←,↖,↖,↖,↑,↖,↖,←,↖,↖,↖,↖,↖,↖,↖,↖,↑,↖,↑,↖,↖,↖,↖,←,↖,↖,←,↖,↖,←,←,↖,←,↖,↖,↖,←,↖,↖,←,↖,↖,↖,↖,↑,↖,↖,←,↖,↖,↖,←,↖,↖,←,↖,←,↑,↖,↖,←,←,←,↖,↖,↖,↖,←,←,←,←,↖,↖,↖,←,↖,↖,↖,↖,↖,↖,←,↖,←,↖,←,←,←,←,↖,←,←,←,←,←,↖,←,←,←,↖,↖,←,←,←
C,↑,↑,↑,↑,↑,↑,↑,↑,↑,↑,↑,↑,↑,↑,↑,↑,↑,↑,↑,↑,↑,↑,↑,↑,↑,↑,↖,↑,↑,↑,↑,↑,↑,↑,↑,↖,↑,↑,↑,↑,↑,↖,↑,↑,↑,↑,↑,↑,↑,↖,↑,↑,↑,↑,↑,↑,↑,↑,↑,↑,↖,↑,↑,↑,↑,↑,↑,↑,↑,↑,↖,↖,↑,↑,↑,↖,↖,↖,↑,↖,↑,↑,↖,↖,↑,↖,↑,↑,↑,↑,↖,↑,↑,↑,↖,↖,↑,↖,↑,↑,↖,↖,↑,↖,↖,↑,↑,↖,↑,↖,↖,↖,↑,↑,↖,↖,↖,↖,↖,↖,↖,↖,↖,←,↖,↖,↖,↑,↖,↖,↖,↖,↑,↖,↑,↖,↖,↖,↖,↖,↖,↖,↖,↖,↖,←,←,↖,↖,↖,↖,↖,↖,↖,↖,←,↖,↖,↖,↖,↑,↖,↖,↖,↖,←,↖,↖,↖,←,↖,↖,←,↖,↖,↖,↖,←,←,↖,↖,↖,↖,←,↖,←,↖,↖,←,↖,↖,←,←,↖,↖,↖,↖,↖,↖,↖,↖,↖,←,←,↑,↖,↖,←,←,←,←,←,←,←,←,↖,↖,↖,↖
L,↑,↖,↑,↖,↑,↑,↑,↑,↑,↑,↑,↖,↑,↑,↑,↑,↖,↑,↖,↖,↑,↑,↑,↑,↖,↑,↖,↑,↑,↑,↖,↖,↑,↑,↑,↖,↖,↖,↑,↑,↖,↖,↑,↑,↑,↑,↖,↖,↖,↖,↖,↖,↖,↑,↖,↑,↑,↖,↖,↑,↑,↖,↑,↑,↖,↖,↖,↑,↖,↖,↖,↖,↑,↑,↑,↖,↖,↖,↑,↖,↖,↑,↑,↖,↖,↖,↖,↖,↖,↑,↖,↑,↖,↖,↖,↖,↖,↑,↑,↑,↑,↖,↑,↑,↖,↖,↑,↖,↖,↖,↖,↖,↖,↑,↖,↖,←,←,←,↖,←,↖,↖,↖,↖,←,↖,↑,↖,↖,↖,↖,←,↖,↖,↖,↖,←,↖,↖,↖,↖,↖,←,←,↖,←,←,↖,←,↖,↖,↖,←,↖,↖,←,←,↖,↖,↑,↖,↖,↖,↖,↖,↖,←,←,←,←,↖,↖,←,←,↖,↖,↖,↖,↖,↖,←,↖,←,←,↖,←,←,↖,↖,←,↖,↖,↖,←,←,←,↖,↖,↖,↖,↖,↖,↖,←,←,↖,↖,↖,↖,↖,↖,↖,↖,←,←,←,↖,←
L,↑,↖,↑,↖,↑,↑,↑,↑,↑,↑,↑,↖,↑,↑,↑,↑,↖,↑,↖,↖,↑,↑,↑,↑,↖,↖,↖,↑,↑,↑,↖,↖,↖,↑,↑,↖,↖,↖,↑,↑,↖,↖,↖,↑,↑,↑,↖,↖,↖,↖,↖,↖,↖,↖,↖,↑,↑,↖,↖,↑,↑,↖,↑,↑,↖,↖,↖,↑,↖,↖,↖,↖,↑,↑,↑,↖,↖,↖,↖,↖,↖,↑,↑,↖,↖,↖,↖,↖,↖,↑,↖,↑,↖,↖,↖,↖,↖,↖,↑,↑,↑,↖,↑,↑,↖,↖,↖,↖,↖,↖,↖,↖,↖,↑,↖,↖,↖,←,←,↖,↖,←,↖,↖,↖,↖,↖,←,↖,↖,↖,↖,↖,↖,↖,↖,↖,↖,↖,↖,↖,↖,↖,↖,↖,↖,↖,↖,↖,←,←,↖,↖,←,↖,←,↖,↖,↖,↖,↖,↖,↖,↖,↖,←,↖,↖,↖,←,←,↖,↖,↖,←,←,↖,↖,↖,↖,↖,↖,↖,←,↖,↖,←,←,←,↖,↖,↖,↖,↖,←,←,←,←,↖,↖,↖,↖,↖,↖,←,←,←,↖,↖,↖,↖,↖,↖,↖,←,←,←,↖,←
H,↑,↑,↑,↑,↑,↑,↑,↑,↑,↑,↑,↑,↑,↑,↑,↑,↑,↑,↑,↑,↑,↖,↑,↑,↑,↖,↖,↖,↑,↑,↑,↑,↖,↑,↑,↖,↑,↖,↖,↑,↑,↑,↑,↑,↖,↑,↑,↑,↑,↑,↑,↖,↑,↑,↑,↑,↑,↑,↑,↖,↖,↑,↑,↑,↑,↑,↑,↖,↑,↑,↑,↖,↖,↑,↑,↑,↖,↖,↖,↖,↑,↖,↖,↑,↖,↖,↖,↑,↖,↖,↖,↑,↑,↑,↑,↑,↑,↖,↑,↑,↖,↑,↖,↑,↖,↖,↖,↖,↖,↑,↑,↑,↖,↖,↖,↑,↖,↖,↖,←,↖,↖,←,←,↖,↖,←,↖,←,↑,↖,↖,↖,↖,↖,←,↖,↖,↖,↖,↖,↖,↖,↖,↖,↖,↖,↖,↖,↖,↖,←,↑,↖,←,↖,←,↖,↖,↖,↖,↖,↖,↖,↖,↖,←,↖,↖,↖,↖,←,←,↖,↖,↖,←,↖,↖,↖,↖,↖,←,↖,←,←,↖,↖,↖,←,↖,↖,↖,↖,↖,↖,↖,↖,←,↖,←,↖,↑,↖,↖,←,←,←,↖,↖,↖,←,←,↖,↖,←,↖,←,←
D,↑,↑,↑,↑,↑,↑,↑,↑,↑,↑,↑,↑,↑,↑,↑,↑,↑,↑,↑,↑,↑,↑,↑,↖,↑,↖,↖,↖,↑,↑,↑,↑,↖,↖,↖,↑,↑,↑,↖,↑,↑,↑,↖,↑,↑,↖,↑,↑,↑,↑,↑,↑,↑,↑,↑,↖,↑,↑,↑,↖,↖,↑,↑,↖,↑,↑,↑,↖,↑,↑,↑,↖,↖,↖,↖,↑,↖,↑,↖,↖,↑,↖,↖,↑,↖,↑,↖,↖,↑,↖,↖,↖,↑,↑,↑,↑,↑,↖,↖,↖,↖,↑,↖,↖,↖,↖,↖,↖,↖,↑,↖,↑,↑,↖,↖,↑,↖,↖,↖,←,←,↖,↖,↖,←,↖,↖,↖,←,←,↖,↑,↖,←,↑,↖,↖,↖,↖,↖,↖,↖,↖,↖,↖,←,↖,↖,↖,↖,↖,←,←,↖,↖,↖,↖,↖,↖,←,↖,↖,↖,↖,↖,↖,←,←,↖,↖,↖,←,←,←,↖,↖,←,←,↖,↖,↖,↖,←,↖,↖,↖,↖,↖,↖,←,↖,↖,↖,↖,↖,↖,←,←,←,←,↖,↖,←,↑,↖,←,←,←,←,←,↖,←,←,←,←,↖,←,↖,←
T,↑,↑,↑,↑,↑,↑,↑,↑,↑,↑,↑,↑,↑,↑,↖,↑,↑,↑,↑,↑,↑,↑,↑,↑,↑,↖,↖,↖,↑,↑,↑,↑,↑,↑,↑,↖,↖,↑,↑,↖,↑,↑,↖,↑,↑,↖,↖,↑,↑,↑,↑,↑,↑,↖,↑,↖,↑,↑,↑,↑,↖,↖,↑,↑,↑,↑,↑,↖,↑,↑,↖,↑,↖,↖,↑,↑,↖,↑,↖,↖,↖,↑,↑,↖,↖,↖,↖,↖,↖,↖,↖,↖,↑,↑,↑,↑,↖,↖,↖,↖,↑,↖,↑,↖,↖,↖,↖,↖,↖,↖,↖,↖,↑,↖,↖,↖,↖,↑,↑,↖,↖,←,↖,↖,↖,↖,↖,↖,↖,↖,←,←,↖,↖,←,↖,↖,↖,↖,↖,↖,↖,↖,↖,↖,↖,↖,↖,↖,↖,↖,←,←,←,↖,↖,↖,↖,↖,↖,↖,←,↖,↖,↖,↖,↖,←,↖,↖,↖,↖,←,←,↖,↖,↖,←,←,↖,↖,↖,↖,↖,↖,↖,↖,↖,↖,↖,↖,←,←,←,↖,↖,↖,↖,←,↖,↖,↖,←,←,↑,↖,↖,←,←,←,←,↖,↖,↖,←,↖,↖,↖,↖
W,↑,↑,↑,↑,↑,↑,↑,↑,↖,↑,↑,↑,↑,↑,↑,↑,↑,↑,↑,↑,↑,↑,↑,↑,↑,↑,↖,↑,↑,↑,↑,↑,↑,↑,↑,↖,↖,↖,↑,↑,↖,↑,↑,↑,↑,↑,↖,↖,↑,↑,↖,↖,↑,↑,↑,↑,↑,↑,↑,↑,↑,↖,↑,↑,↖,↑,↑,↑,↑,↑,↑,↖,↑,↖,↑,↑,↑,↖,↑,↑,↖,↖,↑,↖,↑,↖,↖,←,↖,↑,↑,↑,↖,↑,↑,↑,↑,↑,↑,↑,↖,↑,↑,↑,↖,↑,↖,↑,↖,↖,←,↖,↖,↑,↑,↖,↖,↖,↑,↑,↖,↖,↖,↖,↖,↖,↖,←,↖,↖,↖,↖,↑,↖,↖,↖,↖,↖,↑,↖,↖,↖,↖,↖,↖,↖,↖,↖,←,↖,↖,↖,↖,←,↖,↖,↖,↖,↖,↖,←,↖,↖,↖,↖,↖,↖,↖,←,↖,←,←,←,←,←,↖,↖,↖,↖,↖,↖,↖,↖,←,↖,↖,↖,↖,↖,↖,↖,↖,←,←,←,↖,↖,↖,↖,←,←,↖,↖,↖,←,↑,↖,↖,↖,↖,←,←,↖,↖,↖,←,←,↖,↖
F,↑,↑,↑,↑,↑,↖,↑,↑,↑,↑,↑,↑,↑,↑,↑,↑,↑,↑,↑,↑,↑,↑,↑,↑,↑,↑,↑,↑,↑,↑,↑,↑,↑,↑,↑,↑,↖,↖,↑,↑,↖,↖,↑,↑,↑,↑,↖,↖,↑,↑,↖,↖,↖,↑,↑,↑,↑,↑,↑,↑,↑,↖,↑,↑,↑,↖,↑,↑,↑,↑,↖,↑,↑,↖,↑,↑,↑,↖,↖,↑,↖,↖,↑,↖,↑,↖,↑,↖,↖,↖,↑,↑,↖,↖,↑,↑,↖,↑,↑,↑,↑,↖,↑,↑,↑,↖,↑,↑,↑,↑,↖,↖,↖,↑,↑,↖,↖,↖,↑,↖,↖,↖,←,←,↖,↖,↖,←,↖,↖,↖,↖,←,←,↖,↖,←,↑,↖,←,↖,↖,↖,↖,↖,↖,↖,↖,←,←,←,↖,↖,←,↖,←,↖,↖,↖,↖,←,←,↖,←,↖,←,↖,↖,↖,↖,↖,↖,↖,←,←,←,↖,↖,↖,↖,↖,←,↖,↖,↖,↖,←,↖,↖,↖,↖,↖,↖,↖,←,←,←,↖,↖,←,↖,↖,↖,↖,←,←,←,↖,↖,↖,←,↖,↖,↖,↖,←,←,↖,↖
V,↑,↑,↑,↑,↖,↑,↑,↑,↑,↑,↑,↑,↖,↑,↑,↑,↑,↑,↑,↑,↖,↑,↑,↑,↑,↑,↑,↖,↑,↑,↑,↑,↑,↑,↑,↑,↖,↑,↖,↖,↖,↖,↑,↖,↑,↖,↑,↖,↖,↖,↑,↑,↖,↖,↑,↑,↖,↑,↖,↑,↑,↑,↖,↑,↑,↖,↖,←,↑,↑,↖,↖,↖,↖,↑,↑,↖,↑,↖,↑,↖,↖,↖,↖,↖,↑,↑,↖,↖,←,←,↑,↑,↖,↖,↑,↖,↖,↑,↑,↑,↖,↖,↖,↑,↖,↑,↑,↑,↑,↖,↖,←,←,↑,↖,↖,↖,↖,↖,↖,↑,↖,←,↖,↖,↖,←,↖,↖,↖,↖,↖,↖,←,↖,↖,←,↖,↖,↖,↖,↖,↖,↖,↖,←,↑,↖,←,←,↖,↖,←,↖,←,←,←,↖,↖,←,←,↖,↖,↖,↖,↖,↑,↖,←,↖,↖,←,↖,←,←,↖,←,←,↖,↖,←,↖,↖,↖,←,↖,↖,←,↖,↖,↖,↖,↖,←,←,←,←,↖,↖,↖,↖,←,↖,↖,↖,↖,←,↖,↖,↖,↖,↖,↖,↖,↖,←,↖,←
V,↑,↑,↑,↑,↖,↑,↑,↑,↑,↑,↑,↑,↖,↑,↑,↑,↑,↑,↑,↑,↖,↑,↑,↑,↑,↑,↑,↖,↑,↑,↑,↑,↑,↑,↑,↑,↖,↖,↖,↖,↖,↖,↖,↖,↑,↖,↑,↖,↖,↖,↑,↑,↖,↖,↖,↑,↖,↑,↖,↑,↑,↑,↖,↑,↑,↖,↖,↖,↖,↑,↖,↖,↖,↖,↑,↑,↖,↑,↖,↖,↖,↖,↖,↖,↖,↑,↑,↖,↖,↖,↖,↖,↑,↖,↖,↑,↖,↖,↖,↑,↑,↖,↖,↖,↑,↖,↖,↑,↑,↑,↖,↖,↖,←,←,↖,↖,↖,↖,↖,↖,↖,↖,↖,↖,←,↖,↖,↖,←,↖,↖,↖,↖,←,↖,↖,↖,↖,↖,↖,↖,↖,←,↖,↖,↖,↖,↖,↖,↖,↖,↖,↖,↖,←,←,←,↖,↖,↖,←,↖,←,↖,↖,↖,↖,↖,↖,↖,↖,↖,↖,←,←,↖,←,←,←,↖,←,↖,←,↖,↖,←,←,←,↖,↖,↖,↖,↖,↖,←,←,←,↖,←,↖,↖,←,←,↖,↖,↖,←,←,↖,↖,↖,↖,↖,←,↖,↖,↖,↖
A,↑,↑,↑,↑,↑,↑,↑,↖,↑,↖,↑,↑,↑,↑,↑,↖,↑,↑,↑,↑,↑,↑,↖,↑,↑,↑,↖,↖,↑,↖,↑,↑,↖,↑,↑,↖,↑,↑,↖,↑,↑,↖,↖,↖,↑,↖,↑,↑,↑,↖,↑,↑,↑,↑,↖,↖,↑,↑,↑,↖,↖,↑,↖,↑,↑,↑,↑,↖,↖,↑,↑,↖,↖,↖,↖,↑,↖,↑,↖,↖,↖,↖,↖,↖,↖,↑,↑,↑,↑,↖,↖,↖,↑,↑,↑,↖,↑,↖,↖,↖,↖,↑,↖,↖,↖,↖,↖,↖,↖,↑,↖,↑,↖,↖,↖,←,↖,↖,↖,↖,↖,↖,↖,↖,↖,↖,←,↖,↖,↖,←,↖,↖,↑,↖,↖,↖,↖,↖,↖,↖,↖,↖,↖,↖,↖,↖,←,↑,↖,↖,←,↖,↖,↖,↖,↖,↖,↖,←,↖,↖,←,↖,↖,↖,←,↖,↑,↖,↖,←,↖,↖,↖,↖,←,←,←,←,←,↖,←,←,←,↖,↖,↖,←,←,←,←,↖,↖,↖,↖,↖,↖,←,↖,↖,↖,↖,↖,↖,↖,↖,←,←,←,↖,↖,↖,↖,↖,↖,↖,↖,↖
